,,,Bilingual,,SpED,,Free/Reduced Lunch,
School Year,School ID,Total,N,%,N,%,N,%
2017,610212,277,56,20.22%,42,15.16%,264,95.31%
2017,610209,921,522,56.68%,99,10.75%,842,91.42%
2017,609836,849,159,18.73%,104,12.25%,404,47.59%
2017,609729,"1,812",320,17.66%,336,18.54%,"1,649",91.00%
2017,610083,173,66,38.15%,114,65.90%,95,54.91%
2017,610564,730,11,1.51%,77,10.55%,432,59.18%
2017,610515,428,60,14.02%,36,8.41%,108,25.23%
2017,610523,564,47,8.33%,91,16.13%,102,18.09%
2017,610137,705,200,28.37%,85,12.06%,463,65.67%
2017,609874,884,440,49.77%,102,11.54%,585,66.18%
2017,610163,239,27,11.30%,104,43.51%,39,16.32%
2017,609737,"1,737",29,1.67%,98,5.64%,"1,302",74.96%
2017,609857,615,232,37.72%,157,25.53%,524,85.20%
2017,610182,360,114,31.67%,82,22.78%,199,55.28%
2017,609972,957,614,64.16%,119,12.43%,847,88.51%
2017,609798,559,133,23.79%,56,10.02%,362,64.76%
2017,609766,206,70,33.98%,206,100.00%,157,76.21%
2017,609912,638,213,33.39%,171,26.80%,399,62.54%
2017,609796,"1,101",198,17.98%,111,10.08%,540,49.05%
2017,610089,561,162,28.88%,88,15.69%,442,78.79%
2017,610111,833,282,33.85%,104,12.48%,636,76.35%
2017,609937,790,174,22.03%,97,12.28%,318,40.25%
2017,610159,800,327,40.88%,89,11.13%,723,90.38%
2017,610127,879,292,33.22%,109,12.40%,629,71.56%
2017,609792,"1,061",376,35.44%,132,12.44%,900,84.83%
2017,609810,"1,105",301,27.24%,115,10.41%,722,65.34%
2017,610354,327,169,51.68%,74,22.63%,268,81.96%
2017,609749,"1,069",6,0.56%,63,5.89%,441,41.25%
2017,609744,228,66,28.95%,228,100.00%,185,81.14%
2017,610099,411,20,4.87%,62,15.09%,73,17.76%
2017,610201,840,78,9.29%,91,10.83%,379,45.12%
2017,610105,733,74,10.10%,82,11.19%,158,21.56%
2017,609988,548,294,53.65%,70,12.77%,473,86.31%
2017,610145,852,305,35.80%,174,20.42%,647,75.94%
2017,610135,933,135,14.47%,122,13.08%,713,76.42%
2017,609995,593,140,23.61%,82,13.83%,325,54.81%
2017,610155,583,98,16.81%,56,9.61%,161,27.62%
2017,609728,"1,198",312,26.04%,244,20.37%,"1,094",91.32%
2017,609794,275,2,0.73%,12,4.36%,28,10.18%
2017,610230,487,36,7.39%,59,12.11%,67,13.76%
2017,609884,788,208,26.40%,88,11.17%,459,58.25%
2017,609994,"1,048",531,50.67%,129,12.31%,980,93.51%
2017,609734,"3,289",196,5.96%,402,12.22%,"1,747",53.12%
2017,610104,639,67,10.49%,87,13.62%,220,34.43%
2017,609949,"1,228",329,26.79%,162,13.19%,"1,044",85.02%
2017,609804,830,403,48.55%,97,11.69%,717,86.39%
2017,609859,"1,173",552,47.06%,82,6.99%,945,80.56%
2017,609852,606,143,23.60%,104,17.16%,391,64.52%
2017,609918,199,56,28.14%,32,16.08%,185,92.96%
2017,609779,"1,433",472,32.94%,140,9.77%,"1,291",90.09%
2017,610196,686,312,45.48%,97,14.14%,495,72.16%
2017,610122,"1,028",187,18.19%,97,9.44%,650,63.23%
2017,610070,737,190,25.78%,187,25.37%,623,84.53%
2017,609866,948,57,6.01%,109,11.50%,209,22.05%
2017,610269,421,147,34.92%,107,25.42%,360,85.51%
2017,609865,508,221,43.50%,78,15.35%,435,85.63%
2017,610242,398,140,35.18%,84,21.11%,319,80.15%
2017,610022,793,426,53.72%,166,20.93%,655,82.60%
2017,609719,"1,298",62,4.78%,194,14.95%,"1,071",82.51%
2017,609817,790,384,48.61%,71,8.99%,554,70.13%
2017,610355,456,115,25.22%,143,31.36%,393,86.18%
2017,610011,875,223,25.49%,118,13.49%,564,64.46%
2017,610284,683,343,50.22%,90,13.18%,541,79.21%
2017,609730,"1,415",232,16.40%,190,13.43%,"1,160",81.98%
2017,610147,783,296,37.80%,107,13.67%,591,75.48%
2017,610141,549,46,8.38%,61,11.11%,226,41.17%
2017,609695,"1,172",114,9.73%,137,11.69%,996,84.98%
2017,609733,626,224,35.78%,156,24.92%,534,85.30%
2017,609880,292,1,0.34%,15,5.14%,40,13.70%
2017,609933,363,109,30.03%,65,17.91%,341,93.94%
2017,609976,"1,049",479,45.66%,122,11.63%,891,84.94%
2017,609724,"1,502",398,26.50%,172,11.45%,"1,270",84.55%
2017,610191,626,96,15.34%,52,8.31%,309,49.36%
2017,610220,634,83,13.09%,52,8.20%,241,38.01%
2017,610394,301,29,9.63%,108,35.88%,282,93.69%
2017,610542,796,349,43.84%,90,11.31%,695,87.31%
2017,609945,727,314,43.19%,84,11.55%,577,79.37%
2017,609922,575,392,68.17%,77,13.39%,524,91.13%
2017,609679,"1,377",75,5.45%,179,13.00%,"1,053",76.47%
2017,609732,"1,374",232,16.89%,256,18.63%,"1,246",90.68%
2017,609904,638,6,0.94%,117,18.34%,546,85.58%
2017,609708,894,201,22.48%,179,20.02%,842,94.18%
2017,610235,876,58,6.62%,114,13.01%,830,94.75%
2017,610165,855,464,54.27%,93,10.88%,795,92.98%
2017,610245,175,2,1.14%,58,33.14%,166,94.86%
2017,610305,479,1,0.21%,75,15.66%,435,90.81%
2017,609795,250,37,14.80%,26,10.40%,220,88.00%
2017,610068,"1,541",671,43.54%,255,16.55%,"1,453",94.29%
2017,610158,459,56,12.20%,56,12.20%,309,67.32%
2017,610092,336,5,1.49%,35,10.42%,300,89.29%
2017,609975,425,17,4.00%,40,9.41%,406,95.53%
2017,610043,404,24,5.94%,47,11.63%,372,92.08%
2017,610041,"1,359",399,29.36%,197,14.50%,"1,171",86.17%
2017,609910,"1,207",518,42.92%,145,12.01%,"1,107",91.71%
2017,609818,934,350,37.47%,125,13.38%,873,93.47%
2017,610539,972,366,37.65%,117,12.04%,791,81.38%
2017,610046,"1,504",473,31.45%,181,12.03%,"1,396",92.82%
2017,610244,548,6,1.09%,67,12.23%,526,95.99%
2017,609830,539,16,2.97%,73,13.54%,503,93.32%
2017,610051,492,124,25.20%,66,13.41%,475,96.54%
2017,610367,614,8,1.30%,113,18.40%,592,96.42%
2017,610183,696,4,0.57%,87,12.50%,683,98.13%
2017,610518,304,5,1.64%,78,25.66%,289,95.07%
2017,610038,853,75,8.79%,46,5.39%,139,16.30%
2017,609720,"4,195",22,0.52%,190,4.53%,"2,099",50.04%
2017,609799,961,42,4.37%,104,10.82%,136,14.15%
2017,610039,648,197,30.40%,92,14.20%,513,79.17%
2017,609875,523,198,37.86%,82,15.68%,424,81.07%
2017,610402,196,1,0.51%,3,1.53%,135,68.88%
2017,610541,858,370,43.12%,129,15.03%,791,92.19%
2017,610144,998,436,43.69%,117,11.72%,927,92.89%
2017,609926,365,12,3.29%,42,11.51%,146,40.00%
2017,609930,449,177,39.42%,66,14.70%,435,96.88%
2017,610010,344,62,18.02%,66,19.19%,208,60.47%
2017,610048,356,4,1.12%,66,18.54%,317,89.04%
2017,609850,614,153,24.92%,62,10.10%,495,80.62%
2017,610078,716,216,30.17%,68,9.50%,355,49.58%
2017,609803,884,59,6.67%,86,9.73%,147,16.63%
2017,610074,899,256,28.48%,107,11.90%,824,91.66%
2017,609942,790,129,16.33%,96,12.15%,560,70.89%
2017,609789,726,287,39.53%,68,9.37%,610,84.02%
2017,609782,560,30,5.36%,56,10.00%,118,21.07%
2017,609716,533,159,29.83%,96,18.01%,510,95.68%
2017,610033,563,17,3.02%,65,11.55%,174,30.91%
2017,610325,777,255,32.82%,88,11.33%,722,92.92%
2017,609809,475,100,21.05%,66,13.89%,333,70.11%
2017,610094,822,92,11.19%,80,9.73%,183,22.26%
2017,609774,640,31,4.84%,59,9.22%,80,12.50%
2017,610524,331,19,5.74%,41,12.39%,263,79.46%
2017,610059,730,26,3.56%,72,9.86%,105,14.38%
2017,609853,458,176,38.43%,98,21.40%,408,89.08%
2017,609968,764,279,36.52%,94,12.30%,669,87.57%
2017,610095,574,37,6.45%,90,15.68%,339,59.06%
2017,610136,375,53,14.13%,46,12.27%,154,41.07%
2017,610097,883,416,47.11%,102,11.55%,847,95.92%
2017,610088,710,290,40.85%,90,12.68%,677,95.35%
2017,610334,416,12,2.88%,114,27.40%,407,97.84%
2017,610342,602,104,17.28%,68,11.30%,518,86.05%
2017,610131,144,28,19.44%,22,15.28%,139,96.53%
2017,610005,275,,,34,12.36%,262,95.27%
2017,610194,267,,,30,11.24%,248,92.88%
2017,609863,294,111,37.76%,28,9.52%,221,75.17%
2017,609873,305,7,2.30%,42,13.77%,271,88.85%
2017,609835,783,207,26.44%,112,14.30%,758,96.81%
2017,610221,311,,,33,10.61%,228,73.31%
2017,610503,252,,,25,9.92%,218,86.51%
2017,609854,461,143,31.02%,115,24.95%,404,87.64%
2017,610293,509,,,66,12.97%,495,97.25%
2017,610202,346,3,0.87%,43,12.43%,307,88.73%
2017,609693,"1,150",16,1.39%,75,6.52%,921,80.09%
2017,610192,692,268,38.73%,121,17.49%,665,96.10%
2017,609985,368,,,41,11.14%,357,97.01%
2017,609797,482,,,63,13.07%,418,86.72%
2017,610044,509,157,30.84%,138,27.11%,481,94.50%
2017,610271,450,9,2.00%,61,13.56%,403,89.56%
2017,609723,370,,,107,28.92%,365,98.65%
2017,609954,356,,,61,17.13%,342,96.07%
2017,610313,656,63,9.60%,89,13.57%,565,86.13%
2017,609925,347,,,19,5.48%,301,86.74%
2017,610133,513,8,1.56%,54,10.53%,460,89.67%
2017,610034,301,,,27,8.97%,299,99.34%
2017,609907,467,2,0.43%,38,8.14%,405,86.72%
2017,609722,177,2,1.13%,47,26.55%,156,88.14%
2017,610055,306,1,0.33%,50,16.34%,305,99.67%
2017,609691,961,189,19.67%,155,16.13%,905,94.17%
2017,610234,508,159,31.30%,159,31.30%,461,90.75%
2017,610056,370,1,0.27%,52,14.05%,331,89.46%
2017,610100,648,219,33.80%,80,12.35%,568,87.65%
2017,610251,394,2,0.51%,76,19.29%,357,90.61%
2017,610123,362,17,4.70%,98,27.07%,331,91.44%
2017,610229,747,48,6.43%,71,9.50%,359,48.06%
2017,609947,449,86,19.15%,48,10.69%,394,87.75%
2017,610060,561,54,9.63%,36,6.42%,235,41.89%
2017,609996,498,123,24.70%,57,11.45%,427,85.74%
2017,610012,238,,,43,18.07%,228,95.80%
2017,610009,577,80,13.86%,54,9.36%,343,59.45%
2017,610062,366,62,16.94%,81,22.13%,324,88.52%
2017,610107,497,164,33.00%,133,26.76%,446,89.74%
2017,610217,558,234,41.94%,37,6.63%,403,72.22%
2017,609959,671,232,34.58%,19,2.83%,553,82.41%
2017,610180,436,8,1.83%,76,17.43%,399,91.51%
2017,609828,445,60,13.48%,50,11.24%,172,38.65%
2017,610081,563,49,8.70%,36,6.39%,264,46.89%
2017,610529,716,34,4.75%,87,12.15%,370,51.68%
2017,609777,274,86,31.39%,43,15.69%,232,84.67%
2017,610138,911,150,16.47%,78,8.56%,681,74.75%
2017,609769,119,34,28.57%,119,100.00%,109,91.60%
2017,610561,590,5,0.85%,23,3.90%,511,86.61%
2017,609979,"1,472",366,24.86%,81,5.50%,"1,254",85.19%
2017,610252,309,4,1.29%,101,32.69%,299,96.76%
2017,610029,232,115,49.57%,65,28.02%,203,87.50%
2017,610250,366,133,36.34%,71,19.40%,290,79.23%
2017,609750,64,3,4.69%,10,15.63%,63,98.44%
2017,610548,461,33,7.16%,26,5.64%,155,33.62%
2017,610405,411,17,4.14%,47,11.44%,207,50.36%
2017,609896,353,13,3.68%,21,5.95%,99,28.05%
2017,610121,478,31,6.49%,81,16.95%,421,88.08%
2017,610101,836,124,14.83%,64,7.66%,173,20.69%
2017,609812,286,11,3.85%,85,29.72%,249,87.06%
2017,610308,93,37,39.78%,84,90.32%,70,75.27%
2017,609966,458,200,43.67%,91,19.87%,436,95.20%
2017,610063,794,381,47.98%,81,10.20%,691,87.03%
2017,609870,544,215,39.52%,74,13.60%,462,84.93%
2017,609704,843,217,25.74%,186,22.06%,809,95.97%
2017,610227,"1,035",524,50.63%,84,8.12%,936,90.43%
2017,610215,336,54,16.07%,54,16.07%,327,97.32%
2017,609920,660,309,46.82%,70,10.61%,649,98.33%
2017,610383,304,70,23.03%,64,21.05%,288,94.74%
2017,610384,409,48,11.74%,56,13.69%,387,94.62%
2017,610125,773,225,29.11%,87,11.25%,661,85.51%
2017,610216,365,88,24.11%,72,19.73%,314,86.03%
2017,610228,269,176,65.43%,32,11.90%,241,89.59%
2017,610184,596,258,43.29%,84,14.09%,520,87.25%
2017,609950,596,372,62.42%,58,9.73%,516,86.58%
2017,609938,"1,118",455,40.70%,165,14.76%,"1,047",93.65%
2017,610015,291,130,44.67%,71,24.40%,267,91.75%
2017,610129,475,189,39.79%,72,15.16%,455,95.79%
2017,610024,614,327,53.26%,78,12.70%,594,96.74%
2017,609834,834,399,47.84%,95,11.39%,813,97.48%
2017,609872,311,92,29.58%,41,13.18%,279,89.71%
2017,610017,"1,085",384,35.39%,117,10.78%,972,89.59%
2017,610385,251,68,27.09%,64,25.50%,245,97.61%
2017,610329,568,189,33.27%,73,12.85%,497,87.50%
2017,609867,493,282,57.20%,76,15.42%,435,88.24%
2017,610013,360,131,36.39%,96,26.67%,329,91.39%
2017,609826,611,125,20.46%,92,15.06%,598,97.87%
2017,610357,162,40,24.69%,32,19.75%,157,96.91%
2017,609921,288,189,65.63%,55,19.10%,245,85.07%
2017,609967,428,144,33.64%,78,18.22%,402,93.93%
2017,610392,340,70,20.59%,46,13.53%,334,98.24%
2017,609993,474,176,37.13%,54,11.39%,427,90.08%
2017,610563,"1,044",98,9.39%,86,8.24%,"1,010",96.74%
2017,610317,490,189,38.57%,42,8.57%,449,91.63%
2017,610353,807,438,54.28%,104,12.89%,687,85.13%
2017,610170,"1,165",440,37.77%,104,8.93%,"1,026",88.07%
2017,609909,200,80,40.00%,27,13.50%,185,92.50%
2017,609735,280,11,3.93%,104,37.14%,265,94.64%
2017,609682,252,63,25.00%,69,27.38%,214,84.92%
2017,610319,303,52,17.16%,44,14.52%,288,95.05%
2017,609709,336,68,20.24%,66,19.64%,319,94.94%
2017,610532,"1,045",181,17.32%,132,12.63%,"1,009",96.56%
2017,609983,692,423,61.13%,94,13.58%,654,94.51%
2017,610174,957,406,42.42%,88,9.20%,930,97.18%
2017,610559,654,100,15.29%,125,19.11%,641,98.01%
2017,609829,481,172,35.76%,53,11.02%,406,84.41%
2017,609964,610,312,51.15%,81,13.28%,595,97.54%
2017,609694,892,33,3.70%,50,5.61%,805,90.25%
2017,610117,"1,266",398,31.44%,126,9.95%,"1,147",90.60%
2017,609756,"2,951",284,9.62%,289,9.79%,"2,722",92.24%
2017,609876,776,408,52.58%,96,12.37%,757,97.55%
2017,609952,554,231,41.70%,57,10.29%,500,90.25%
2017,610239,612,296,48.37%,50,8.17%,600,98.04%
2017,610157,"1,660",535,32.23%,120,7.23%,"1,521",91.63%
2017,610226,"1,014",525,51.78%,81,7.99%,939,92.60%
2017,609715,"2,075",486,23.42%,347,16.72%,"1,951",94.02%
2017,610504,161,116,72.05%,55,34.16%,78,48.45%
2017,609855,390,181,46.41%,224,57.44%,337,86.41%
2017,610167,738,296,40.11%,72,9.76%,688,93.22%
2017,610175,355,23,6.48%,29,8.17%,266,74.93%
2017,609969,330,20,6.06%,50,15.15%,236,71.52%
2017,610381,376,7,1.86%,58,15.43%,353,93.88%
2017,610345,342,5,1.46%,65,19.01%,315,92.11%
2017,610030,285,5,1.75%,44,15.44%,242,84.91%
2017,610380,237,2,0.84%,28,11.81%,228,96.20%
2017,609751,642,13,2.02%,63,9.81%,488,76.01%
2017,609819,435,,,57,13.10%,377,86.67%
2017,610246,"1,353",3,0.22%,83,6.13%,"1,090",80.56%
2017,610065,360,,,54,15.00%,353,98.06%
2017,609713,745,4,0.54%,153,20.54%,720,96.64%
2017,610110,392,2,0.51%,21,5.36%,345,88.01%
2017,610276,381,5,1.31%,32,8.40%,327,85.83%
2017,610256,130,2,1.54%,12,9.23%,101,77.69%
2017,609891,287,3,1.05%,33,11.50%,256,89.20%
2017,610213,576,2,0.35%,67,11.63%,480,83.33%
2017,609894,418,2,0.48%,74,17.70%,380,90.91%
2017,609919,464,1,0.22%,43,9.27%,432,93.10%
2017,610126,628,16,2.55%,63,10.03%,472,75.16%
2017,609746,"1,784",17,0.95%,105,5.89%,"1,073",60.15%
2017,610237,406,3,0.74%,61,15.02%,404,99.51%
2017,609676,561,7,1.25%,142,25.31%,550,98.04%
2017,610090,520,12,2.31%,45,8.65%,289,55.58%
2017,609987,225,3,1.33%,76,33.78%,213,94.67%
2017,610587,149,1,0.67%,22,14.77%,131,87.92%
2017,610143,239,1,0.42%,36,15.06%,232,97.07%
2017,610142,718,83,11.56%,82,11.42%,361,50.28%
2017,609977,195,2,1.03%,13,6.67%,186,95.38%
2017,610185,"1,273",479,37.63%,190,14.93%,"1,028",80.75%
2017,609788,321,,,45,14.02%,233,72.59%
2017,610287,507,33,6.51%,88,17.36%,402,79.29%
2017,609871,336,76,22.62%,149,44.35%,185,55.06%
2017,610087,154,68,44.16%,134,87.01%,97,62.99%
2017,609839,502,4,0.80%,79,15.74%,420,83.67%
2017,609879,"1,045",250,23.92%,173,16.56%,985,94.26%
2017,610347,434,26,5.99%,93,21.43%,419,96.54%
2017,610077,753,248,32.93%,88,11.69%,723,96.02%
2017,610352,712,254,35.67%,88,12.36%,568,79.78%
2017,610006,866,278,32.10%,76,8.78%,748,86.37%
2017,610195,616,3,0.49%,82,13.31%,201,32.63%
2017,609908,321,2,0.62%,41,12.77%,278,86.60%
2017,610057,592,254,42.91%,66,11.15%,563,95.10%
2017,610067,813,59,7.26%,120,14.76%,758,93.23%
2017,609849,410,14,3.41%,79,19.27%,93,22.68%
2017,609741,"1,772",246,13.88%,236,13.32%,"1,681",94.86%
2017,609861,516,6,1.16%,86,16.67%,226,43.80%
2017,609893,737,90,12.21%,127,17.23%,375,50.88%
2017,609898,"1,423",472,33.17%,138,9.70%,"1,367",96.06%
2017,609718,"1,658",108,6.51%,284,17.13%,"1,259",75.93%
2017,610207,287,,,30,10.45%,201,70.03%
2017,610016,250,1,0.40%,35,14.00%,91,36.40%
2017,609807,563,102,18.12%,92,16.34%,503,89.34%
2017,610544,948,262,27.64%,93,9.81%,814,85.86%
2017,610206,"1,147",186,16.22%,102,8.89%,900,78.47%
2017,609832,654,54,8.26%,107,16.36%,368,56.27%
2017,609725,"1,420",3,0.21%,135,9.51%,"1,216",85.63%
2017,609960,974,127,13.04%,135,13.86%,651,66.84%
2017,609981,359,124,34.54%,109,30.36%,327,91.09%
2017,609956,467,145,31.05%,51,10.92%,387,82.87%
2017,610558,861,38,4.41%,154,17.89%,727,84.44%
2017,610109,263,6,2.28%,29,11.03%,154,58.56%
2017,609698,798,71,8.90%,183,22.93%,738,92.48%
2017,609869,316,4,1.27%,29,9.18%,310,98.10%
2017,610037,375,55,14.67%,81,21.60%,367,97.87%
2017,609941,505,14,2.77%,62,12.28%,484,95.84%
2017,610290,423,,,81,19.15%,381,90.07%
2017,610238,321,1,0.31%,71,22.12%,285,88.79%
2017,610366,289,,,37,12.80%,217,75.09%
2017,609986,263,9,3.42%,33,12.55%,252,95.82%
2017,609897,454,5,1.10%,69,15.20%,423,93.17%
2017,609790,434,,,74,17.05%,413,95.16%
2017,609748,270,2,0.74%,54,20.00%,270,100.00%
2017,610223,508,10,1.97%,94,18.50%,454,89.37%
2017,610299,235,,,34,14.47%,212,90.21%
2017,609924,404,,,61,15.10%,374,92.57%
2017,609927,378,2,0.53%,81,21.43%,321,84.92%
2017,610112,563,2,0.36%,51,9.06%,500,88.81%
2017,609768,136,8,5.88%,48,35.29%,135,99.26%
2017,610173,334,3,0.90%,64,19.16%,330,98.80%
2017,609864,366,2,0.55%,50,13.66%,340,92.90%
2017,610019,278,1,0.36%,43,15.47%,257,92.45%
2017,609793,519,2,0.39%,72,13.87%,506,97.50%
2017,610108,401,14,3.49%,56,13.97%,392,97.76%
2017,610369,320,,,60,18.75%,283,88.44%
2017,610362,316,4,1.27%,43,13.61%,280,88.61%
2017,609783,259,5,1.93%,82,31.66%,222,85.71%
2017,609692,"1,323",,,127,9.60%,"1,203",90.93%
2017,610300,422,5,1.18%,77,18.25%,361,85.55%
2017,609997,212,2,0.94%,30,14.15%,181,85.38%
2017,610003,358,,,57,15.92%,329,91.90%
2017,609707,151,,,56,37.09%,151,100.00%
2017,609791,449,,,65,14.48%,428,95.32%
2017,610102,466,,,68,14.59%,433,92.92%
2017,609929,378,121,32.01%,45,11.90%,364,96.30%
2017,610391,"1,294",16,1.24%,72,5.56%,834,64.45%
2017,610027,310,,,39,12.58%,243,78.39%
2017,609805,407,,,62,15.23%,373,91.65%
2017,610521,261,8,3.07%,33,12.64%,247,94.64%
2017,609745,270,33,12.22%,270,100.00%,230,85.19%
2017,610506,160,,,21,13.13%,143,89.38%
2017,609895,263,,,36,13.69%,189,71.86%
2017,610032,379,1,0.26%,60,15.83%,338,89.18%
2017,610153,395,2,0.51%,111,28.10%,349,88.35%
2017,609711,167,1,0.60%,46,27.54%,166,99.40%
2017,610281,565,26,4.60%,66,11.68%,516,91.33%
2017,610316,250,7,2.80%,22,8.80%,176,70.40%
2017,610171,572,148,25.87%,72,12.59%,552,96.50%
2017,609887,584,3,0.51%,66,11.30%,466,79.79%
2017,610268,279,2,0.72%,33,11.83%,266,95.34%
2017,609786,298,1,0.34%,37,12.42%,286,95.97%
2017,610323,328,26,7.93%,97,29.57%,292,89.02%
2017,609827,513,1,0.19%,66,12.87%,420,81.87%
2017,609833,274,3,1.09%,40,14.60%,219,79.93%
2017,609813,211,2,0.95%,21,9.95%,210,99.53%
2017,609674,923,18,1.95%,266,28.82%,867,93.93%
2017,609815,603,8,1.33%,85,14.10%,597,99.00%
2017,609862,473,3,0.63%,68,14.38%,439,92.81%
2017,609712,151,,,54,35.76%,146,96.69%
2017,609939,554,1,0.18%,80,14.44%,516,93.14%
2017,610124,371,5,1.35%,50,13.48%,359,96.77%
2017,610279,346,4,1.16%,73,21.10%,311,89.88%
2017,610052,390,1,0.26%,49,12.56%,336,86.15%
2017,610066,196,1,0.51%,10,5.10%,64,32.65%
2017,610047,230,1,0.43%,29,12.61%,222,96.52%
2017,610200,336,47,13.99%,108,32.14%,319,94.94%
2017,610093,285,4,1.40%,127,44.56%,249,87.37%
2017,609710,484,,,109,22.52%,452,93.39%
2017,610130,287,2,0.70%,34,11.85%,243,84.67%
2017,610218,280,8,2.86%,39,13.93%,266,95.00%
2017,610152,405,,,44,10.86%,350,86.42%
2017,609961,373,34,9.12%,36,9.65%,326,87.40%
2017,610115,330,1,0.30%,32,9.70%,330,100.00%
2017,610116,251,,,35,13.94%,210,83.67%
2017,610146,225,,,26,11.56%,191,84.89%
2017,610350,444,6,1.35%,22,4.95%,365,82.21%
2017,610530,453,1,0.22%,86,18.98%,381,84.11%
2017,610547,591,4,0.68%,51,8.63%,497,84.09%
2017,610178,215,,,38,17.67%,197,91.63%
2017,610002,250,,,27,10.80%,200,80.00%
2017,610193,458,57,12.45%,98,21.40%,453,98.91%
2017,609808,577,4,0.69%,77,13.34%,554,96.01%
2017,609705,230,1,0.43%,42,18.26%,223,96.96%
2017,610004,172,3,1.74%,22,12.79%,151,87.79%
2017,610198,498,180,36.14%,85,17.07%,445,89.36%
2017,610188,255,,,32,12.55%,225,88.24%
2017,610132,214,,,5,2.34%,84,39.25%
2017,610315,180,,,26,14.44%,149,82.78%
2017,609917,304,,,39,12.83%,293,96.38%
2017,609800,329,1,0.30%,31,9.42%,300,91.19%
2017,609761,371,,,109,29.38%,345,92.99%
2017,610139,351,9,2.56%,45,12.82%,331,94.30%
2017,609845,464,,,47,10.13%,461,99.35%
2017,610219,887,84,9.47%,74,8.34%,650,73.28%
2017,609739,"1,410",142,10.07%,202,14.33%,"1,287",91.28%
2017,609726,916,2,0.22%,55,6.00%,658,71.83%
2017,609856,615,166,26.99%,81,13.17%,516,83.90%
2017,609848,167,,,23,13.77%,155,92.81%
2017,609943,435,,,64,14.71%,422,97.01%
2017,610176,475,1,0.21%,63,13.26%,423,89.05%
2017,610054,799,256,32.04%,90,11.26%,672,84.11%
2017,610225,306,,,53,17.32%,259,84.64%
2017,610199,252,14,5.56%,26,10.32%,193,76.59%
2017,610368,486,6,1.23%,112,23.05%,399,82.10%
2017,610128,241,,,13,5.39%,228,94.61%
2017,609935,884,180,20.36%,118,13.35%,842,95.25%
2017,610208,354,1,0.28%,45,12.71%,329,92.94%
2017,610086,260,1,0.38%,60,23.08%,238,91.54%
2017,609811,295,54,18.31%,65,22.03%,281,95.25%
2017,609762,631,,,130,20.60%,603,95.56%
2017,609902,417,,,52,12.47%,407,97.60%
2017,610091,353,,,41,11.61%,323,91.50%
2017,610586,447,118,26.40%,61,13.65%,403,90.16%
2017,610295,279,1,0.36%,35,12.54%,235,84.23%
2017,609978,374,1,0.27%,49,13.10%,361,96.52%
2017,610364,256,4,1.56%,34,13.28%,252,98.44%
2017,610339,440,8,1.82%,69,15.68%,407,92.50%
2017,610106,603,142,23.55%,92,15.26%,546,90.55%
2017,609883,562,1,0.18%,84,14.95%,503,89.50%
2017,610248,601,171,28.45%,84,13.98%,433,72.05%
2017,610340,549,40,7.29%,101,18.40%,445,81.06%
2017,610499,295,1,0.34%,53,17.97%,286,96.95%
2017,609885,419,13,3.10%,42,10.02%,409,97.61%
2017,610254,438,,,44,10.05%,430,98.17%
2017,610543,"1,142",142,12.43%,119,10.42%,"1,075",94.13%
2017,609900,578,12,2.08%,63,10.90%,517,89.45%
2017,610103,647,2,0.31%,77,11.90%,597,92.27%
2017,610274,467,1,0.21%,53,11.35%,463,99.14%
2017,610263,631,,,66,10.46%,627,99.37%
2017,609971,427,,,78,18.27%,385,90.16%
2017,610000,498,2,0.40%,73,14.66%,446,89.56%
2017,610036,473,62,13.11%,49,10.36%,425,89.85%
2017,610053,"1,160",357,30.78%,107,9.22%,"1,110",95.69%
2017,609928,366,,,49,13.39%,337,92.08%
2017,610257,391,7,1.79%,54,13.81%,386,98.72%
2017,609806,624,10,1.60%,82,13.14%,613,98.24%
2017,610231,706,21,2.97%,75,10.62%,547,77.48%
2017,610389,386,20,5.18%,89,23.06%,358,92.75%
2017,610021,456,94,20.61%,47,10.31%,410,89.91%
2017,610282,399,17,4.26%,86,21.55%,397,99.50%
2017,610396,"1,002",294,29.34%,96,9.58%,932,93.01%
2017,609991,657,7,1.07%,103,15.68%,638,97.11%
2017,609851,372,3,0.81%,48,12.90%,365,98.12%
2017,609955,339,1,0.29%,42,12.39%,315,92.92%
2017,609727,558,3,0.54%,134,24.01%,538,96.42%
2017,610172,290,1,0.34%,32,11.03%,286,98.62%
2017,609844,406,,,38,9.36%,383,94.33%
2017,610513,335,6,1.79%,43,12.84%,298,88.96%
2017,609754,293,12,4.10%,39,13.31%,270,92.15%
2017,609760,500,14,2.80%,30,6.00%,452,90.40%
2017,610390,567,15,2.65%,48,8.47%,504,88.89%
2017,609780,841,128,15.22%,66,7.85%,799,95.01%
2017,610304,540,16,2.96%,40,7.41%,517,95.74%
2017,609963,477,16,3.35%,41,8.60%,93,19.50%
2017,610098,882,305,34.58%,120,13.61%,807,91.50%
2017,609837,655,2,0.31%,53,8.09%,516,78.78%
2017,610084,241,5,2.07%,6,2.49%,48,19.92%
2017,609951,506,2,0.40%,57,11.26%,407,80.43%
2017,609820,532,13,2.44%,72,13.53%,81,15.23%
2017,609764,"1,607",284,17.67%,241,15.00%,"1,539",95.77%
2017,610076,520,152,29.23%,71,13.65%,453,87.12%
2017,609821,528,5,0.95%,64,12.12%,477,90.34%
2017,610148,997,466,46.74%,96,9.63%,894,89.67%
2017,609753,720,8,1.11%,136,18.89%,321,44.58%
2017,609899,800,44,5.50%,116,14.50%,104,13.00%
2017,610533,"1,010",364,36.04%,188,18.61%,902,89.31%
2017,609901,515,17,3.30%,54,10.49%,49,9.51%
2017,610073,398,57,14.32%,45,11.31%,218,54.77%
2017,609973,835,407,48.74%,118,14.13%,808,96.77%
2017,610203,"1,074",344,32.03%,98,9.12%,911,84.82%
2017,610120,"1,656",648,39.13%,170,10.27%,"1,561",94.26%
2017,610096,"1,280",565,44.14%,195,15.23%,"1,207",94.30%
2017,609958,798,255,31.95%,79,9.90%,701,87.84%
2017,609974,575,12,2.09%,48,8.35%,124,21.57%
2017,610040,"1,155",653,56.54%,141,12.21%,"1,046",90.56%
2017,609772,778,190,24.42%,65,8.35%,688,88.43%
2017,610026,682,96,14.08%,156,22.87%,425,62.32%
2017,610520,595,44,7.39%,82,13.78%,230,38.66%
2017,610298,288,6,2.08%,12,4.17%,76,26.39%
2017,609738,"2,129",64,3.01%,164,7.70%,"1,142",53.64%
2017,609773,506,32,6.32%,96,18.97%,191,37.75%
2017,610197,520,205,39.42%,94,18.08%,417,80.19%
2017,610177,"1,062",69,6.50%,61,5.74%,278,26.18%
2017,610312,171,1,0.58%,12,7.02%,155,90.64%
2017,610082,"1,107",15,1.36%,116,10.48%,190,17.16%
2017,610386,113,15,13.27%,22,19.47%,106,93.81%
2017,609842,"1,086",556,51.20%,87,8.01%,"1,033",95.12%
2017,609903,"1,545",681,44.08%,163,10.55%,"1,371",88.74%
2017,610291,849,214,25.21%,110,12.96%,750,88.34%
2017,609759,737,68,9.23%,169,22.93%,698,94.71%
2017,610534,488,1,0.20%,27,5.53%,46,9.43%
2017,609990,779,73,9.37%,45,5.78%,183,23.49%
2017,610249,445,245,55.06%,70,15.73%,391,87.87%
2017,609944,368,73,19.84%,40,10.87%,211,57.34%
2017,610363,"1,564",178,11.38%,141,9.02%,899,57.48%
2017,609680,979,5,0.51%,51,5.21%,308,31.46%
2017,610179,991,217,21.90%,74,7.47%,730,73.66%
2017,609740,378,38,10.05%,105,27.78%,350,92.59%
2017,609755,"2,112",20,0.95%,148,7.01%,893,42.28%
2017,609678,"1,819",17,0.93%,136,7.48%,724,39.80%
2017,400009,461,138,29.93%,48,10.41%,320,69.41%
2017,400010,385,24,6.23%,71,18.44%,367,95.32%
2017,400011,550,,,48,8.73%,460,83.64%
2017,400060,482,199,41.29%,52,10.79%,377,78.22%
2017,400172,335,96,28.66%,78,23.28%,323,96.42%
2017,400013,422,121,28.67%,92,21.80%,398,94.31%
2017,400017,537,113,21.04%,67,12.48%,525,97.77%
2017,400115,"1,107",173,15.63%,182,16.44%,"1,013",91.51%
2017,400021,522,,,68,13.03%,469,89.85%
2017,400161,315,,,48,15.24%,280,88.89%
2017,400035,600,67,11.17%,56,9.33%,565,94.17%
2017,400036,676,42,6.21%,95,14.05%,460,68.05%
2017,400159,277,133,48.01%,34,12.27%,239,86.28%
2017,400023,501,6,1.20%,48,9.58%,416,83.03%
2017,400024,749,55,7.34%,74,9.88%,702,93.72%
2017,400025,704,115,16.34%,91,12.93%,501,71.16%
2017,400113,288,10,3.47%,62,21.53%,268,93.06%
2017,400027,556,109,19.60%,60,10.79%,290,52.16%
2017,400092,341,1,0.29%,35,10.26%,328,96.19%
2017,400033,"1,361",10,0.73%,223,16.39%,"1,242",91.26%
2017,400026,550,1,0.18%,52,9.45%,454,82.55%
2017,400034,908,101,11.12%,201,22.14%,715,78.74%
2017,400028,420,119,28.33%,42,10.00%,377,89.76%
2017,400032,441,1,0.23%,88,19.95%,410,92.97%
2017,400029,482,,,47,9.75%,436,90.46%
2017,400030,531,230,43.31%,72,13.56%,473,89.08%
2017,400031,784,15,1.91%,72,9.18%,658,83.93%
2017,400094,501,74,14.77%,116,23.15%,477,95.21%
2017,400039,421,149,35.39%,60,14.25%,359,85.27%
2017,400171,212,2,0.94%,45,21.23%,187,88.21%
2017,400040,428,,,48,11.21%,384,89.72%
2017,400168,251,10,3.98%,14,5.58%,216,86.06%
2017,400167,668,145,21.71%,97,14.52%,629,94.16%
2017,400104,759,144,18.97%,139,18.31%,744,98.02%
2017,400162,989,99,10.01%,166,16.78%,821,83.01%
2017,400044,883,11,1.25%,107,12.12%,795,90.03%
2017,400163,324,1,0.31%,54,16.67%,303,93.52%
2017,400146,305,2,0.66%,43,14.10%,287,94.10%
2017,400180,185,7,3.78%,17,9.19%,182,98.38%
2017,400045,213,1,0.47%,24,11.27%,189,88.73%
2017,400047,439,5,1.14%,38,8.66%,411,93.62%
2017,400048,451,5,1.11%,55,12.20%,407,90.24%
2017,400111,497,,,47,9.46%,442,88.93%
2017,400165,291,2,0.69%,48,16.49%,273,93.81%
2017,400046,656,6,0.91%,58,8.84%,567,86.43%
2017,400107,493,43,8.72%,59,11.97%,431,87.42%
2017,400151,360,4,1.11%,31,8.61%,319,88.61%
2017,400049,470,,,62,13.19%,423,90.00%
2017,400119,306,,,66,21.57%,292,95.42%
2017,400178,273,1,0.37%,22,8.06%,227,83.15%
2017,400050,485,177,36.49%,85,17.53%,377,77.73%
2017,400157,391,13,3.32%,88,22.51%,372,95.14%
2017,400156,615,8,1.30%,114,18.54%,572,93.01%
2017,400097,"1,146",94,8.20%,158,13.79%,"1,011",88.22%
2017,400118,545,6,1.10%,132,24.22%,518,95.05%
2017,400052,"1,139",7,0.61%,172,15.10%,975,85.60%
2017,400053,654,71,10.86%,101,15.44%,596,91.13%
2017,400117,709,6,0.85%,155,21.86%,615,86.74%
2017,400169,818,101,12.35%,106,12.96%,732,89.49%
2017,400106,864,12,1.39%,179,20.72%,821,95.02%
2017,400098,946,50,5.29%,113,11.95%,802,84.78%
2017,400051,636,56,8.81%,77,12.11%,537,84.43%
2017,400054,"1,008",93,9.23%,107,10.62%,952,94.44%
2017,400055,649,64,9.86%,101,15.56%,530,81.66%
2017,400056,558,36,6.45%,119,21.33%,532,95.34%
2017,400170,346,23,6.65%,46,13.29%,296,85.55%
2017,400057,909,61,6.71%,120,13.20%,760,83.61%
2017,400179,183,35,19.13%,22,12.02%,168,91.80%
2017,400058,379,,,68,17.94%,367,96.83%
2017,400059,404,,,66,16.34%,394,97.52%
2017,400062,381,1,0.26%,79,20.73%,350,91.86%
2017,400061,481,1,0.21%,86,17.88%,438,91.06%
2017,400066,469,3,0.64%,91,19.40%,422,89.98%
2017,400064,394,10,2.54%,70,17.77%,320,81.22%
2017,400069,445,6,1.35%,61,13.71%,415,93.26%
2017,400071,502,10,1.99%,55,10.96%,442,88.05%
2017,400096,946,220,23.26%,110,11.63%,747,78.96%
2017,400116,293,2,0.68%,44,15.02%,234,79.86%
2017,400078,297,4,1.35%,35,11.78%,236,79.46%
2017,400075,546,5,0.92%,21,3.85%,433,79.30%
2017,400076,363,2,0.55%,25,6.89%,239,65.84%
2017,400077,622,2,0.32%,103,16.56%,513,82.48%
2017,400112,576,256,44.44%,32,5.56%,534,92.71%
2017,400120,569,235,41.30%,50,8.79%,517,90.86%
2017,400081,285,127,44.56%,31,10.88%,268,94.04%
2017,400153,573,305,53.23%,60,10.47%,546,95.29%
2017,400082,558,250,44.80%,73,13.08%,482,86.38%
2017,400114,280,139,49.64%,51,18.21%,238,85.00%
2017,400085,624,126,20.19%,89,14.26%,579,92.79%
2017,400083,384,197,51.30%,44,11.46%,378,98.44%
2017,400089,575,330,57.39%,57,9.91%,549,95.48%
2017,400080,614,277,45.11%,54,8.79%,542,88.27%
2017,400121,736,302,41.03%,94,12.77%,661,89.81%
2017,400084,288,165,57.29%,39,13.54%,274,95.14%
2017,400101,545,247,45.32%,43,7.89%,502,92.11%
2017,400149,630,156,24.76%,92,14.60%,602,95.56%
2017,400079,624,260,41.67%,53,8.49%,559,89.58%
2017,400105,365,,,69,18.90%,287,78.63%
2017,400086,325,1,0.31%,77,23.69%,281,86.46%
2017,400102,271,,,62,22.88%,232,85.61%
2017,400087,248,,,76,30.65%,225,90.73%
2017,400022,603,5,0.83%,42,6.97%,316,52.40%
2017,400091,272,2,0.74%,65,23.90%,250,91.91%
2017,400043,365,4,1.10%,75,20.55%,297,81.37%
2017,400068,448,1,0.22%,45,10.04%,425,94.87%
2017,610555,241,2,0.83%,46,19.09%,233,96.68%
2017,610572,12,,,4,33.33%,12,100.00%
2017,610584,6,,,2,33.33%,6,100.00%
2017,610585,17,,,8,47.06%,17,100.00%
2017,610573,12,,,,,12,100.00%
2017,400147,252,1,0.40%,56,22.22%,238,94.44%
2017,610565,215,1,0.47%,54,25.12%,206,95.81%
2017,400176,190,4,2.11%,50,26.32%,183,96.32%
2017,400175,219,,,41,18.72%,201,91.78%
2017,400148,97,25,25.77%,19,19.59%,90,92.78%
2017,400164,34,5,14.71%,3,8.82%,33,97.06%
2017,400137,134,,,28,20.90%,121,90.30%
2017,610581,119,,,28,23.53%,104,87.39%
2017,610582,118,,,19,16.10%,107,90.68%
2017,610580,202,16,7.92%,39,19.31%,191,94.55%
2017,610566,178,2,1.12%,36,20.22%,162,91.01%
2017,610567,202,,,46,22.77%,178,88.12%
2017,610569,257,16,6.23%,51,19.84%,211,82.10%
2017,610570,461,23,4.99%,80,17.35%,436,94.58%
2017,610571,365,15,4.11%,72,19.73%,346,94.79%
2017,610557,199,20,10.05%,28,14.07%,174,87.44%
2017,610568,250,26,10.40%,38,15.20%,219,87.60%
2017,400173,353,27,7.65%,37,10.48%,328,92.92%
2017,400123,193,,,28,14.51%,185,95.85%
2017,400133,450,4,0.89%,98,21.78%,403,89.56%
2017,400124,214,,,52,24.30%,206,96.26%
2017,400125,200,20,10.00%,35,17.50%,176,88.00%
2017,400126,170,10,5.88%,35,20.59%,165,97.06%
2017,400127,148,2,1.35%,24,16.22%,141,95.27%
2017,400128,221,,,54,24.43%,209,94.57%
2017,400129,186,,,29,15.59%,178,95.70%
2017,400150,192,,,23,11.98%,177,92.19%
2017,400130,187,,,43,22.99%,182,97.33%
2017,400131,200,16,8.00%,49,24.50%,188,94.00%
2017,400134,211,6,2.84%,22,10.43%,189,89.57%
2017,400135,221,18,8.14%,35,15.84%,211,95.48%
2017,400136,127,,,21,16.54%,112,88.19%
2017,400139,340,,,70,20.59%,320,94.12%
2017,400141,207,17,8.21%,31,14.98%,184,88.89%
2017,400143,161,3,1.86%,27,16.77%,150,93.17%
2017,400144,132,2,1.52%,22,16.67%,129,97.73%
2017,400145,260,2,0.77%,60,23.08%,250,96.15%
Network 6,610229,743,44,5.92%,65,8.75%,368,49.53%
Network 4,610038,838,47,5.61%,51,6.09%,122,14.56%
Charter,400009,450,124,27.56%,52,11.56%,343,76.22%
Charter,400010,439,22,5.01%,78,17.77%,423,96.36%
Network 12,610281,558,21,3.76%,59,10.57%,497,89.07%
2016,610185,"1,308",533,40.75%,195,14.91%,"1,115",85.24%
2016,609993,481,211,43.87%,42,8.73%,451,93.76%
2016,610513,328,7,2.13%,45,13.72%,289,88.11%
2016,610334,479,11,2.30%,141,29.44%,468,97.70%
2016,400011,569,,,43,7.56%,489,85.94%
2016,610212,286,44,15.38%,37,12.94%,279,97.55%
2016,609720,"4,055",24,0.59%,183,4.51%,"2,280",56.23%
2016,610342,598,157,26.25%,65,10.87%,518,86.62%
2016,610209,949,523,55.11%,118,12.43%,835,87.99%
2016,609808,562,1,0.18%,65,11.57%,542,96.44%
2016,609799,"1,007",43,4.27%,114,11.32%,162,16.09%
2016,609947,482,86,17.84%,50,10.37%,456,94.61%
2016,609963,454,19,4.19%,41,9.03%,100,22.03%
2016,610098,858,310,36.13%,108,12.59%,772,89.98%
2016,609788,308,1,0.32%,36,11.69%,245,79.55%
2016,400012,323,9,2.79%,72,22.29%,309,95.67%
2016,610131,154,40,25.97%,24,15.58%,146,94.81%
2016,610316,260,1,0.38%,22,8.46%,177,68.08%
2016,610339,507,6,1.18%,86,16.96%,466,91.91%
2016,609837,610,,,49,8.03%,477,78.20%
2016,610060,565,49,8.67%,40,7.08%,253,44.78%
2016,609869,373,2,0.54%,46,12.33%,330,88.47%
2016,610084,244,2,0.82%,7,2.87%,54,22.13%
2016,609951,542,2,0.37%,61,11.25%,426,78.60%
2016,610171,665,167,25.11%,79,11.88%,642,96.54%
2016,610037,360,40,11.11%,70,19.44%,356,98.89%
2016,609887,595,3,0.50%,68,11.43%,483,81.18%
2016,609836,833,151,18.13%,113,13.57%,398,47.78%
2016,610268,320,,,32,10.00%,289,90.31%
2016,609941,510,18,3.53%,49,9.61%,439,86.08%
2016,610287,486,40,8.23%,83,17.08%,378,77.78%
2016,400060,456,165,36.18%,45,9.87%,327,71.71%
2016,400172,165,55,33.33%,37,22.42%,162,98.18%
2016,400013,451,127,28.16%,94,20.84%,431,95.57%
2016,400017,532,99,18.61%,62,11.65%,512,96.24%
2016,609820,522,13,2.49%,73,13.98%,80,15.33%
2016,400018,102,1,0.98%,20,19.61%,93,91.18%
2016,610501,122,1,0.82%,34,27.87%,119,97.54%
2016,609786,332,1,0.30%,44,13.25%,297,89.46%
2016,610563,790,102,12.91%,69,8.73%,758,95.95%
2016,610555,307,6,1.95%,54,17.59%,292,95.11%
2016,609871,355,86,24.23%,154,43.38%,113,31.83%
2016,609922,608,330,54.28%,69,11.35%,392,64.47%
2016,609764,"1,686",262,15.54%,256,15.18%,"1,623",96.26%
2016,610290,480,1,0.21%,75,15.63%,450,93.75%
2016,610076,566,143,25.27%,74,13.07%,494,87.28%
2016,400074,269,,,24,8.92%,251,93.31%
2016,400072,315,,,37,11.75%,279,88.57%
2016,400073,51,,,12,23.53%,48,94.12%
2016,610175,348,12,3.45%,34,9.77%,282,81.03%
2016,610087,163,71,43.56%,138,84.66%,106,65.03%
2016,610323,359,28,7.80%,97,27.02%,332,92.48%
2016,609969,384,29,7.55%,56,14.58%,284,73.96%
2016,610106,589,134,22.75%,82,13.92%,525,89.13%
2016,610317,518,209,40.35%,44,8.49%,473,91.31%
2016,400019,472,1,0.21%,55,11.65%,423,89.62%
2016,610381,448,8,1.79%,62,13.84%,418,93.30%
2016,609821,552,5,0.91%,70,12.68%,488,88.41%
2016,609827,535,2,0.37%,73,13.64%,448,83.74%
2016,610353,808,455,56.31%,110,13.61%,720,89.11%
2016,610572,15,,,3,20.00%,15,100.00%
2016,610584,1,,,,,1,100.00%
2016,610585,10,,,6,60.00%,10,100.00%
2016,610573,14,,,3,21.43%,13,92.86%
2016,609729,"2,002",347,17.33%,382,19.08%,"1,837",91.76%
2016,610039,653,240,36.75%,87,13.32%,551,84.38%
2016,610238,333,3,0.90%,82,24.62%,292,87.69%
2016,609839,479,7,1.46%,80,16.70%,412,86.01%
2016,610345,386,6,1.55%,71,18.39%,329,85.23%
2016,400115,"1,098",163,14.85%,194,17.67%,995,90.62%
2016,400021,521,,,69,13.24%,471,90.40%
2016,610148,983,464,47.20%,98,9.97%,939,95.52%
2016,609679,"1,455",86,5.91%,165,11.34%,"1,382",94.98%
2016,610005,324,1,0.31%,38,11.73%,281,86.73%
2016,609966,479,233,48.64%,96,20.04%,438,91.44%
2016,609879,"1,038",227,21.87%,157,15.13%,903,86.99%
2016,610366,274,1,0.36%,31,11.31%,215,78.47%
2016,610030,343,2,0.58%,51,14.87%,301,87.76%
2016,609996,496,109,21.98%,55,11.09%,423,85.28%
2016,609833,277,5,1.81%,42,15.16%,229,82.67%
2016,609732,"1,545",230,14.89%,272,17.61%,"1,395",90.29%
2016,609875,512,215,41.99%,81,15.82%,440,85.94%
2016,609986,338,7,2.07%,37,10.95%,303,89.64%
2016,609813,228,,,25,10.96%,228,100.00%
2016,609883,577,1,0.17%,88,15.25%,516,89.43%
2016,610194,280,,,31,11.07%,263,93.93%
2016,609897,486,2,0.41%,73,15.02%,419,86.21%
2016,610248,612,180,29.41%,81,13.24%,437,71.41%
2016,610340,542,37,6.83%,98,18.08%,450,83.03%
2016,400161,238,1,0.42%,32,13.45%,211,88.66%
2016,400147,263,,,45,17.11%,231,87.83%
2016,609753,717,7,0.98%,126,17.57%,365,50.91%
2016,400022,605,3,0.50%,42,6.94%,331,54.71%
2016,400035,610,77,12.62%,58,9.51%,570,93.44%
2016,609754,326,6,1.84%,37,11.35%,294,90.18%
2016,400091,328,4,1.22%,74,22.56%,310,94.51%
2016,400036,683,37,5.42%,96,14.06%,489,71.60%
2016,609674,978,9,0.92%,254,25.97%,914,93.46%
2016,609899,776,42,5.41%,108,13.92%,147,18.94%
2016,609705,271,2,0.74%,49,18.08%,270,99.63%
2016,609863,287,98,34.15%,19,6.62%,205,71.43%
2016,400159,224,137,61.16%,22,9.82%,198,88.39%
2016,400023,421,,,44,10.45%,368,87.41%
2016,400024,719,39,5.42%,75,10.43%,641,89.15%
2016,400025,678,106,15.63%,89,13.13%,530,78.17%
2016,400113,225,9,4.00%,54,24.00%,188,83.56%
2016,400027,536,74,13.81%,55,10.26%,314,58.58%
2016,400108,170,,,42,24.71%,161,94.71%
2016,400092,351,3,0.85%,46,13.11%,338,96.30%
2016,400033,"1,331",4,0.30%,196,14.73%,"1,178",88.50%
2016,400026,571,1,0.18%,58,10.16%,431,75.48%
2016,400034,879,93,10.58%,176,20.02%,721,82.03%
2016,400028,410,127,30.98%,53,12.93%,374,91.22%
2016,400032,458,1,0.22%,73,15.94%,428,93.45%
2016,400029,453,,,48,10.60%,406,89.62%
2016,400030,502,198,39.44%,70,13.94%,455,90.64%
2016,400031,730,2,0.27%,43,5.89%,601,82.33%
2016,609790,463,,,69,14.90%,384,82.94%
2016,610347,472,36,7.63%,97,20.55%,428,90.68%
2016,610499,355,1,0.28%,74,20.85%,349,98.31%
2016,610170,"1,183",492,41.59%,107,9.04%,"1,029",86.98%
2016,400038,95,,,8,8.42%,76,80.00%
2016,609748,290,1,0.34%,58,20.00%,252,86.90%
2016,610004,207,3,1.45%,32,15.46%,193,93.24%
2016,609873,323,1,0.31%,55,17.03%,278,86.07%
2016,610063,779,412,52.89%,68,8.73%,719,92.30%
2016,609804,828,358,43.24%,84,10.14%,688,83.09%
2016,610083,171,66,38.60%,133,77.78%,75,43.86%
2016,610380,265,,,27,10.19%,255,96.23%
2016,609870,550,229,41.64%,69,12.55%,498,90.55%
2016,609835,807,228,28.25%,105,13.01%,751,93.06%
2016,610223,560,9,1.61%,78,13.93%,507,90.54%
2016,610221,322,,,36,11.18%,270,83.85%
2016,609704,916,250,27.29%,188,20.52%,889,97.05%
2016,610402,197,,,6,3.05%,146,74.11%
2016,609885,403,7,1.74%,43,10.67%,394,97.77%
2016,609859,"1,131",520,45.98%,80,7.07%,911,80.55%
2016,610564,635,5,0.79%,64,10.08%,413,65.04%
2016,610515,416,35,8.41%,33,7.93%,69,16.59%
2016,610077,839,300,35.76%,99,11.80%,707,84.27%
2016,610198,493,176,35.70%,65,13.18%,444,90.06%
2016,609751,695,12,1.73%,64,9.21%,587,84.46%
2016,610533,"1,051",400,38.06%,186,17.70%,974,92.67%
2016,610299,241,,,29,12.03%,226,93.78%
2016,610188,252,,,28,11.11%,235,93.25%
2016,610352,682,263,38.56%,82,12.02%,566,82.99%
2016,610254,464,2,0.43%,45,9.70%,436,93.97%
2016,610132,206,1,0.49%,7,3.40%,83,40.29%
2016,609901,511,19,3.72%,57,11.15%,74,14.48%
2016,610523,549,47,8.56%,80,14.57%,110,20.04%
2016,609819,447,1,0.22%,65,14.54%,392,87.70%
2016,609815,649,3,0.46%,93,14.33%,640,98.61%
2016,610246,"1,440",3,0.21%,82,5.69%,"1,133",78.68%
2016,609862,500,1,0.20%,64,12.80%,420,84.00%
2016,609909,236,96,40.68%,30,12.71%,191,80.93%
2016,610012,246,1,0.41%,46,18.70%,227,92.28%
2016,609904,709,7,0.99%,118,16.64%,605,85.33%
2016,610006,862,238,27.61%,67,7.77%,766,88.86%
2016,609735,311,15,4.82%,122,39.23%,298,95.82%
2016,610315,189,,,28,14.81%,163,86.24%
2016,609708,"1,045",220,21.05%,187,17.89%,985,94.26%
2016,610227,"1,095",587,53.61%,91,8.31%,"1,062",96.99%
2016,609852,566,166,29.33%,89,15.72%,394,69.61%
2016,610195,697,,,92,13.20%,275,39.45%
2016,610235,958,53,5.53%,125,13.05%,853,89.04%
2016,609682,276,63,22.83%,72,26.09%,260,94.20%
2016,610073,375,66,17.60%,47,12.53%,218,58.13%
2016,609712,150,,,55,36.67%,137,91.33%
2016,609973,882,450,51.02%,107,12.13%,855,96.94%
2016,610065,367,,,64,17.44%,329,89.65%
2016,610203,"1,116",401,35.93%,90,8.06%,952,85.30%
2016,400094,438,44,10.05%,96,21.92%,402,91.78%
2016,610543,"1,111",141,12.69%,116,10.44%,"1,059",95.32%
2016,400039,423,154,36.41%,64,15.13%,367,86.76%
2016,610137,698,192,27.51%,77,11.03%,505,72.35%
2016,609908,289,2,0.69%,39,13.49%,247,85.47%
2016,609918,300,87,29.00%,39,13.00%,284,94.67%
2016,609874,859,395,45.98%,99,11.53%,636,74.04%
2016,610319,317,59,18.61%,55,17.35%,307,96.85%
2016,610565,284,,,53,18.66%,266,93.66%
2016,400176,197,,,56,28.43%,177,89.85%
2016,400175,254,,,51,20.08%,231,90.94%
2016,610057,604,227,37.58%,56,9.27%,585,96.85%
2016,610541,898,405,45.10%,115,12.81%,816,90.87%
2016,610120,"1,646",660,40.10%,148,8.99%,"1,407",85.48%
2016,609917,356,,,37,10.39%,333,93.54%
2016,610096,"1,323",656,49.58%,168,12.70%,"1,183",89.42%
2016,609924,386,,,52,13.47%,335,86.79%
2016,609927,398,,,79,19.85%,345,86.68%
2016,400171,163,,,33,20.25%,151,92.64%
2016,610067,836,63,7.54%,119,14.23%,725,86.72%
2016,610112,699,,,59,8.44%,612,87.55%
2016,610215,327,52,15.90%,51,15.60%,317,96.94%
2016,609800,353,,,35,9.92%,318,90.08%
2016,609939,553,4,0.72%,76,13.74%,494,89.33%
2016,609958,804,327,40.67%,75,9.33%,688,85.57%
2016,610144,"1,039",503,48.41%,119,11.45%,962,92.59%
2016,609926,360,12,3.33%,43,11.94%,153,42.50%
2016,610165,928,615,66.27%,96,10.34%,813,87.61%
2016,400040,428,,,43,10.05%,401,93.69%
2016,610503,275,,,27,9.82%,244,88.73%
2016,609854,522,151,28.93%,110,21.07%,460,88.12%
2016,610245,234,2,0.85%,68,29.06%,214,91.45%
2016,609930,504,203,40.28%,71,14.09%,488,96.83%
2016,610163,234,25,10.68%,107,45.73%,45,19.23%
2016,610010,323,55,17.03%,62,19.20%,221,68.42%
2016,609737,"1,657",34,2.05%,106,6.40%,"1,298",78.33%
2016,609709,406,76,18.72%,76,18.72%,389,95.81%
2016,400041,333,3,0.90%,39,11.71%,289,86.79%
2016,610009,548,54,9.85%,60,10.95%,356,64.96%
2016,610293,587,,,55,9.37%,479,81.60%
2016,609779,"1,452",447,30.79%,160,11.02%,"1,324",91.18%
2016,610062,308,61,19.81%,76,24.68%,263,85.39%
2016,610196,713,319,44.74%,87,12.20%,548,76.86%
2016,609849,405,15,3.70%,79,19.51%,82,20.25%
2016,609761,419,3,0.72%,113,26.97%,392,93.56%
2016,610305,583,2,0.34%,77,13.21%,507,86.96%
2016,610139,329,5,1.52%,41,12.46%,290,88.15%
2016,610048,349,2,0.57%,64,18.34%,334,95.70%
2016,609795,270,27,10.00%,32,11.85%,222,82.22%
2016,609900,628,11,1.75%,73,11.62%,564,89.81%
2016,610202,349,,,37,10.60%,312,89.40%
2016,609760,490,16,3.27%,29,5.92%,451,92.04%
2016,609845,485,,,50,10.31%,465,95.88%
2016,610219,884,78,8.82%,81,9.16%,656,74.21%
2016,609739,"1,433",129,9.00%,203,14.17%,"1,297",90.51%
2016,609693,"1,176",29,2.47%,79,6.72%,"1,007",85.63%
2016,609920,722,356,49.31%,79,10.94%,695,96.26%
2016,400168,198,6,3.03%,12,6.06%,149,75.25%
2016,610383,309,64,20.71%,56,18.12%,299,96.76%
2016,609857,679,275,40.50%,156,22.97%,570,83.95%
2016,609741,"1,705",243,14.25%,220,12.90%,"1,621",95.07%
2016,609726,836,1,0.12%,55,6.58%,608,72.73%
2016,610182,355,92,25.92%,74,20.85%,192,54.08%
2016,610068,"1,550",702,45.29%,246,15.87%,"1,434",92.52%
2016,610124,415,3,0.72%,58,13.98%,391,94.22%
2016,610192,743,267,35.94%,144,19.38%,722,97.17%
2016,610158,482,67,13.90%,51,10.58%,350,72.61%
2016,609974,572,10,1.75%,52,9.09%,70,12.24%
2016,609985,430,1,0.23%,55,12.79%,405,94.19%
2016,610122,"1,042",154,14.78%,92,8.83%,695,66.70%
2016,609972,"1,034",660,63.83%,122,11.80%,929,89.85%
2016,609856,586,148,25.26%,71,12.12%,514,87.71%
2016,610040,"1,237",742,59.98%,131,10.59%,"1,025",82.86%
2016,610092,341,2,0.59%,28,8.21%,326,95.60%
2016,610279,384,4,1.04%,73,19.01%,319,83.07%
2016,609861,531,4,0.75%,76,14.31%,299,56.31%
2016,609798,605,137,22.64%,59,9.75%,396,65.45%
2016,609768,199,11,5.53%,61,30.65%,196,98.49%
2016,400043,379,10,2.64%,75,19.79%,286,75.46%
2016,609850,655,154,23.51%,81,12.37%,551,84.12%
2016,610052,385,1,0.26%,61,15.84%,325,84.42%
2016,400167,559,134,23.97%,73,13.06%,491,87.84%
2016,609713,807,3,0.37%,142,17.60%,771,95.54%
2016,610390,577,19,3.29%,56,9.71%,506,87.69%
2016,610110,422,5,1.18%,23,5.45%,360,85.31%
2016,610384,419,43,10.26%,49,11.69%,411,98.09%
2016,400148,144,24,16.67%,29,20.14%,134,93.06%
2016,400164,49,1,2.04%,4,8.16%,41,83.67%
2016,400104,769,121,15.73%,115,14.95%,750,97.53%
2016,610078,649,139,21.42%,58,8.94%,371,57.16%
2016,400162,827,92,11.12%,131,15.84%,705,85.25%
2016,609848,194,,,22,11.34%,169,87.11%
2016,610532,965,170,17.62%,111,11.50%,930,96.37%
2016,610125,781,231,29.58%,86,11.01%,714,91.42%
2016,610276,416,6,1.44%,40,9.62%,341,81.97%
2016,610103,713,3,0.42%,68,9.54%,640,89.76%
2016,610256,139,,,10,7.19%,105,75.54%
2016,609797,520,2,0.38%,69,13.27%,443,85.19%
2016,609766,193,71,36.79%,193,100.00%,155,80.31%
2016,609912,613,185,30.18%,150,24.47%,366,59.71%
2016,610070,802,194,24.19%,187,23.32%,638,79.55%
2016,610066,192,,,9,4.69%,83,43.23%
2016,609803,912,65,7.13%,88,9.65%,165,18.09%
2016,609983,737,395,53.60%,93,12.62%,653,88.60%
2016,610047,220,,,35,15.91%,205,93.18%
2016,610074,968,306,31.61%,101,10.43%,847,87.50%
2016,610200,353,44,12.46%,111,31.44%,312,88.39%
2016,610107,551,178,32.30%,129,23.41%,493,89.47%
2016,609891,307,3,0.98%,33,10.75%,265,86.32%
2016,610044,523,142,27.15%,139,26.58%,463,88.53%
2016,610174,"1,004",481,47.91%,97,9.66%,847,84.36%
2016,610559,690,125,18.12%,117,16.96%,677,98.12%
2016,610213,549,1,0.18%,54,9.84%,480,87.43%
2016,610217,552,207,37.50%,41,7.43%,435,78.80%
2016,610274,520,,,69,13.27%,471,90.58%
2016,610093,313,4,1.28%,131,41.85%,258,82.43%
2016,609772,894,194,21.70%,84,9.40%,730,81.66%
2016,609796,"1,117",207,18.53%,101,9.04%,575,51.48%
2016,610271,462,10,2.16%,53,11.47%,404,87.45%
2016,609943,493,,,82,16.63%,452,91.68%
2016,610173,356,,,75,21.07%,336,94.38%
2016,609942,776,160,20.62%,90,11.60%,452,58.25%
2016,610216,432,115,26.62%,75,17.36%,371,85.88%
2016,609894,419,7,1.67%,64,15.27%,391,93.32%
2016,610089,583,188,32.25%,90,15.44%,462,79.25%
2016,609789,771,316,40.99%,84,10.89%,684,88.72%
2016,609829,482,169,35.06%,52,10.79%,443,91.91%
2016,609866,914,71,7.77%,99,10.83%,217,23.74%
2016,609893,715,115,16.08%,119,16.64%,403,56.36%
2016,609959,659,201,30.50%,30,4.55%,560,84.98%
2016,610176,481,1,0.21%,60,12.47%,426,88.57%
2016,609898,"1,472",613,41.64%,126,8.56%,"1,407",95.58%
2016,609718,"1,629",114,7.00%,289,17.74%,"1,337",82.07%
2016,609919,511,1,0.20%,42,8.22%,417,81.60%
2016,610263,740,1,0.14%,64,8.65%,703,95.00%
2016,610228,290,193,66.55%,33,11.38%,264,91.03%
2016,609964,656,375,57.16%,82,12.50%,584,89.02%
2016,610026,669,118,17.64%,153,22.87%,429,64.13%
2016,610207,292,,,31,10.62%,212,72.60%
2016,609694,905,56,6.19%,78,8.62%,843,93.15%
2016,609971,425,,,64,15.06%,373,87.76%
2016,609975,466,9,1.93%,47,10.09%,449,96.35%
2016,609782,570,35,6.14%,58,10.18%,137,24.04%
2016,610126,549,15,2.73%,63,11.48%,419,76.32%
2016,610054,866,271,31.29%,89,10.28%,771,89.03%
2016,609710,613,,,125,20.39%,570,92.99%
2016,610180,474,2,0.42%,82,17.30%,429,90.51%
2016,609723,425,2,0.47%,105,24.71%,380,89.41%
2016,609954,414,,,60,14.49%,408,98.55%
2016,610111,891,321,36.03%,95,10.66%,688,77.22%
2016,610184,620,279,45.00%,84,13.55%,570,91.94%
2016,610269,447,160,35.79%,104,23.27%,400,89.49%
2016,610130,336,3,0.89%,30,8.93%,264,78.57%
2016,609864,416,1,0.24%,63,15.14%,355,85.34%
2016,609937,810,164,20.25%,105,12.96%,317,39.14%
2016,610225,269,,,43,15.99%,237,88.10%
2016,610199,262,6,2.29%,32,12.21%,205,78.24%
2016,609828,409,49,11.98%,45,11.00%,175,42.79%
2016,610159,928,376,40.52%,101,10.88%,834,89.87%
2016,609865,586,242,41.30%,89,15.19%,508,86.69%
2016,610313,687,87,12.66%,91,13.25%,587,85.44%
2016,609950,664,463,69.73%,63,9.49%,603,90.81%
2016,610242,474,135,28.48%,102,21.52%,404,85.23%
2016,609938,"1,149",477,41.51%,174,15.14%,"1,085",94.43%
2016,610015,298,147,49.33%,70,23.49%,254,85.23%
2016,609925,371,,,24,6.47%,328,88.41%
2016,610043,424,15,3.54%,49,11.56%,362,85.38%
2016,610218,285,2,0.70%,30,10.53%,229,80.35%
2016,610041,"1,357",455,33.53%,218,16.06%,"1,113",82.02%
2016,610019,293,1,0.34%,41,13.99%,243,82.94%
2016,610129,515,236,45.83%,71,13.79%,482,93.59%
2016,610022,744,387,52.02%,174,23.39%,642,86.29%
2016,610000,527,2,0.38%,65,12.33%,486,92.22%
2016,610016,252,,,41,16.27%,109,43.25%
2016,609716,711,170,23.91%,115,16.17%,676,95.08%
2016,609746,"1,724",9,0.52%,98,5.68%,"1,173",68.04%
2016,400044,623,5,0.80%,83,13.32%,589,94.54%
2016,400177,208,6,2.88%,14,6.73%,189,90.87%
2016,400163,257,1,0.39%,42,16.34%,237,92.22%
2016,400146,319,1,0.31%,43,13.48%,303,94.98%
2016,400045,311,1,0.32%,31,9.97%,236,75.88%
2016,400047,453,4,0.88%,44,9.71%,415,91.61%
2016,400048,436,8,1.83%,39,8.94%,391,89.68%
2016,400111,495,,,55,11.11%,424,85.66%
2016,400165,242,2,0.83%,44,18.18%,230,95.04%
2016,400046,622,5,0.80%,55,8.84%,575,92.44%
2016,400107,497,52,10.46%,68,13.68%,443,89.13%
2016,400151,353,6,1.70%,36,10.20%,291,82.44%
2016,609719,"1,289",60,4.65%,189,14.66%,"1,091",84.64%
2016,610368,511,3,0.59%,131,25.64%,440,86.11%
2016,610033,559,20,3.58%,56,10.02%,212,37.92%
2016,610520,591,47,7.95%,85,14.38%,265,44.84%
2016,609910,"1,316",590,44.83%,150,11.40%,"1,232",93.62%
2016,610133,576,9,1.56%,50,8.68%,506,87.85%
2016,610034,388,,,38,9.79%,349,89.95%
2016,610024,674,362,53.71%,72,10.68%,645,95.70%
2016,400049,478,2,0.42%,71,14.85%,425,88.91%
2016,400119,290,,,53,18.28%,278,95.86%
2016,609907,478,1,0.21%,42,8.79%,413,86.40%
2016,610298,290,1,0.34%,10,3.45%,98,33.79%
2016,610036,499,56,11.22%,49,9.82%,482,96.59%
2016,609738,"2,114",47,2.22%,170,8.04%,"1,239",58.61%
2016,609807,571,111,19.44%,90,15.76%,503,88.09%
2016,400137,158,,,32,20.25%,147,93.04%
2016,609834,858,425,49.53%,89,10.37%,843,98.25%
2016,610325,836,283,33.85%,88,10.53%,799,95.57%
2016,609809,443,117,26.41%,68,15.35%,343,77.43%
2016,609773,527,43,8.16%,110,20.87%,243,46.11%
2016,610094,833,97,11.64%,78,9.36%,186,22.33%
2016,610117,"1,230",432,35.12%,123,10.00%,"1,082",87.97%
2016,609774,576,34,5.90%,48,8.33%,87,15.10%
2016,610524,308,28,9.09%,59,19.16%,251,81.49%
2016,610237,451,1,0.22%,71,15.74%,374,82.93%
2016,610108,416,5,1.20%,51,12.26%,359,86.30%
2016,609818,975,463,47.49%,118,12.10%,859,88.10%
2016,609817,839,379,45.17%,70,8.34%,626,74.61%
2016,610581,135,,,23,17.04%,107,79.26%
2016,610582,155,,,15,9.68%,142,91.61%
2016,610580,199,15,7.54%,35,17.59%,183,91.96%
2016,610566,200,,,36,18.00%,187,93.50%
2016,610567,206,,,48,23.30%,174,84.47%
2016,610369,349,,,68,19.48%,300,85.96%
2016,610197,540,215,39.81%,91,16.85%,432,80.00%
2016,609722,248,2,0.81%,65,26.21%,234,94.35%
2016,609872,332,111,33.43%,41,12.35%,297,89.46%
2016,610128,269,,,22,8.18%,233,86.62%
2016,610017,"1,198",479,39.98%,100,8.35%,"1,067",89.07%
2016,610544,948,259,27.32%,93,9.81%,831,87.66%
2016,609756,"3,050",275,9.02%,303,9.93%,"2,869",94.07%
2016,609780,793,107,13.49%,72,9.08%,760,95.84%
2016,610081,559,36,6.44%,37,6.62%,279,49.91%
2016,610177,"1,042",61,5.85%,79,7.58%,282,27.06%
2016,610206,"1,184",202,17.06%,90,7.60%,969,81.84%
2016,610053,"1,238",413,33.36%,120,9.69%,"1,162",93.86%
2016,610152,412,,,49,11.89%,356,86.41%
2016,610539,"1,052",398,37.83%,128,12.17%,870,82.70%
2016,610355,531,128,24.11%,168,31.64%,469,88.32%
2016,610312,183,,,15,8.20%,150,81.97%
2016,610127,927,256,27.62%,102,11.00%,669,72.17%
2016,610046,"1,487",493,33.15%,169,11.37%,"1,383",93.01%
2016,609888,122,,,15,12.30%,105,86.07%
2016,609935,"1,200",266,22.17%,151,12.58%,"1,130",94.17%
2016,610362,364,,,50,13.74%,315,86.54%
2016,609928,392,,,45,11.48%,324,82.65%
2016,610055,342,1,0.29%,49,14.33%,326,95.32%
2016,609832,648,67,10.34%,107,16.51%,361,55.71%
2016,610244,524,,,60,11.45%,506,96.56%
2016,610208,412,,,66,16.02%,379,91.99%
2016,609830,586,10,1.71%,65,11.09%,555,94.71%
2016,610011,891,228,25.59%,113,12.68%,621,69.70%
2016,609725,"1,431",5,0.35%,137,9.57%,"1,207",84.35%
2016,610257,340,2,0.59%,42,12.35%,336,98.82%
2016,610082,"1,055",12,1.14%,110,10.43%,214,20.28%
2016,610086,244,,,51,20.90%,228,93.44%
2016,400178,175,1,0.57%,12,6.86%,163,93.14%
2016,610385,272,76,27.94%,68,25.00%,262,96.32%
2016,609806,704,7,0.99%,101,14.35%,639,90.77%
2016,400050,488,175,35.86%,82,16.80%,372,76.23%
2016,609783,289,8,2.77%,84,29.07%,240,83.04%
2016,609960,930,148,15.91%,126,13.55%,667,71.72%
2016,609876,791,411,51.96%,74,9.36%,756,95.58%
2016,609952,597,290,48.58%,49,8.21%,526,88.11%
2016,610231,649,21,3.24%,63,9.71%,517,79.66%
2016,609692,"1,363",1,0.07%,112,8.22%,"1,223",89.73%
2016,610284,587,340,57.92%,79,13.46%,508,86.54%
2016,609792,"1,040",377,36.25%,115,11.06%,902,86.73%
2016,609730,"1,365",194,14.21%,188,13.77%,"1,130",82.78%
2016,609793,567,7,1.23%,68,11.99%,559,98.59%
2016,609961,395,30,7.59%,34,8.61%,342,86.58%
2016,400157,413,17,4.12%,98,23.73%,389,94.19%
2016,400156,450,1,0.22%,77,17.11%,420,93.33%
2016,400097,"1,130",78,6.90%,153,13.54%,989,87.52%
2016,400118,618,9,1.46%,127,20.55%,587,94.98%
2016,400052,"1,067",4,0.37%,157,14.71%,917,85.94%
2016,400053,664,66,9.94%,109,16.42%,605,91.11%
2016,400117,769,4,0.52%,151,19.64%,655,85.18%
2016,400169,683,103,15.08%,91,13.32%,601,87.99%
2016,400106,860,7,0.81%,158,18.37%,800,93.02%
2016,400098,885,36,4.07%,102,11.53%,765,86.44%
2016,400051,626,47,7.51%,76,12.14%,561,89.62%
2016,400054,941,97,10.31%,102,10.84%,855,90.86%
2016,400055,617,53,8.59%,103,16.69%,503,81.52%
2016,400056,558,28,5.02%,105,18.82%,505,90.50%
2016,400170,245,21,8.57%,34,13.88%,208,84.90%
2016,400057,903,49,5.43%,115,12.74%,774,85.71%
2016,609810,"1,108",288,25.99%,132,11.91%,744,67.15%
2016,400058,397,1,0.25%,66,16.62%,381,95.97%
2016,400059,409,,,62,15.16%,392,95.84%
2016,610354,338,153,45.27%,68,20.12%,270,79.88%
2016,609691,978,209,21.37%,169,17.28%,932,95.30%
2016,609749,"1,056",13,1.23%,63,5.97%,449,42.52%
2016,609744,243,107,44.03%,243,100.00%,211,86.83%
2016,610051,572,132,23.08%,70,12.24%,547,95.63%
2016,610099,401,34,8.48%,56,13.97%,86,21.45%
2016,610529,717,22,3.07%,78,10.88%,350,48.81%
2016,610201,841,89,10.58%,95,11.30%,412,48.99%
2016,610300,390,5,1.28%,59,15.13%,330,84.62%
2016,609997,238,3,1.26%,24,10.08%,194,81.51%
2016,610569,248,9,3.63%,54,21.77%,182,73.39%
2016,610570,491,25,5.09%,73,14.87%,452,92.06%
2016,610571,488,12,2.46%,96,19.67%,455,93.24%
2016,610105,709,61,8.60%,76,10.72%,185,26.09%
2016,610329,576,190,32.99%,68,11.81%,518,89.93%
2016,610389,405,15,3.70%,106,26.17%,383,94.57%
2016,609811,299,47,15.72%,80,26.76%,262,87.63%
2016,610367,683,6,0.88%,117,17.13%,605,88.58%
2016,610059,683,26,3.81%,60,8.78%,160,23.43%
2016,610021,458,62,13.54%,55,12.01%,405,88.43%
2016,610115,394,,,40,10.15%,339,86.04%
2016,610116,275,,,36,13.09%,243,88.36%
2016,610557,226,11,4.87%,23,10.18%,191,84.51%
2016,610568,215,22,10.23%,33,15.35%,197,91.63%
2016,400173,284,26,9.15%,24,8.45%,269,94.72%
2016,609988,646,296,45.82%,72,11.15%,550,85.14%
2016,610003,421,1,0.24%,65,15.44%,356,84.56%
2016,609676,761,6,0.79%,165,21.68%,734,96.45%
2016,610146,261,,,28,10.73%,228,87.36%
2016,609707,204,,,63,30.88%,202,99.02%
2016,610386,130,13,10.00%,27,20.77%,125,96.15%
2016,609762,720,1,0.14%,136,18.89%,676,93.89%
2016,609791,494,1,0.20%,57,11.54%,458,92.71%
2016,400062,420,1,0.24%,88,20.95%,398,94.76%
2016,400061,546,3,0.55%,96,17.58%,509,93.22%
2016,400066,534,4,0.75%,106,19.85%,490,91.76%
2016,400064,394,8,2.03%,62,15.74%,357,90.61%
2016,610145,848,321,37.85%,171,20.17%,677,79.83%
2016,609867,548,342,62.41%,89,16.24%,524,95.62%
2016,610147,765,251,32.81%,105,13.73%,577,75.42%
2016,609777,296,93,31.42%,46,15.54%,258,87.16%
2016,610090,529,7,1.32%,32,6.05%,318,60.11%
2016,609981,337,123,36.50%,93,27.60%,314,93.18%
2016,610304,520,13,2.50%,41,7.88%,497,95.58%
2016,610013,393,162,41.22%,112,28.50%,350,89.06%
2016,400068,497,,,49,9.86%,457,91.95%
2016,400069,440,1,0.23%,49,11.14%,374,85.00%
2016,610135,"1,002",102,10.18%,110,10.98%,756,75.45%
2016,400070,170,4,2.35%,22,12.94%,156,91.76%
2016,400109,190,,,10,5.26%,175,92.11%
2016,400071,493,6,1.22%,49,9.94%,340,68.97%
2016,610138,931,175,18.80%,79,8.49%,671,72.07%
2016,609842,"1,092",600,54.95%,84,7.69%,"1,036",94.87%
2016,609902,460,,,46,10.00%,428,93.04%
2016,610141,563,49,8.70%,66,11.72%,248,44.05%
2016,609769,132,38,28.79%,132,100.00%,124,93.94%
2016,609903,"1,501",721,48.03%,156,10.39%,"1,062",70.75%
2016,610291,872,260,29.82%,117,13.42%,771,88.42%
2016,610239,609,317,52.05%,59,9.69%,609,100.00%
2016,610102,498,,,65,13.05%,411,82.53%
2016,610561,497,2,0.40%,21,4.23%,429,86.32%
2016,610234,555,206,37.12%,176,31.71%,453,81.62%
2016,609695,"1,141",125,10.96%,142,12.45%,"1,022",89.57%
2016,610350,463,1,0.22%,25,5.40%,383,82.72%
2016,609929,419,128,30.55%,60,14.32%,404,96.42%
2016,609979,"1,453",342,23.54%,87,5.99%,"1,219",83.90%
2016,609956,470,178,37.87%,61,12.98%,388,82.55%
2016,610391,"1,254",10,0.80%,68,5.42%,838,66.83%
2016,610252,364,4,1.10%,102,28.02%,348,95.60%
2016,609759,766,84,10.97%,181,23.63%,729,95.17%
2016,610029,253,114,45.06%,70,27.67%,219,86.56%
2016,609733,563,178,31.62%,136,24.16%,511,90.76%
2016,610091,323,1,0.31%,34,10.53%,266,82.35%
2016,610282,421,14,3.33%,89,21.14%,362,85.99%
2016,609826,594,137,23.06%,98,16.50%,585,98.48%
2016,610056,389,,,62,15.94%,376,96.66%
2016,400096,816,194,23.77%,85,10.42%,669,81.99%
2016,610027,368,,,63,17.12%,306,83.15%
2016,610250,364,136,37.36%,69,18.96%,283,77.75%
2016,609995,592,146,24.66%,80,13.51%,356,60.14%
2016,609853,469,202,43.07%,93,19.83%,409,87.21%
2016,610558,831,32,3.85%,129,15.52%,736,88.57%
2016,610155,589,108,18.34%,59,10.02%,184,31.24%
2016,609805,416,,,49,11.78%,376,90.38%
2016,609968,767,299,38.98%,96,12.52%,665,86.70%
2016,610157,"1,751",592,33.81%,132,7.54%,"1,628",92.98%
2016,609750,74,1,1.35%,10,13.51%,74,100.00%
2016,610521,279,7,2.51%,29,10.39%,255,91.40%
2016,610534,478,,,25,5.23%,82,17.15%
2016,610226,"1,067",445,41.71%,90,8.43%,940,88.10%
2016,609990,868,63,7.26%,50,5.76%,257,29.61%
2016,610530,491,2,0.41%,90,18.33%,400,81.47%
2016,610547,582,3,0.52%,53,9.11%,501,86.08%
2016,609745,222,33,14.86%,222,100.00%,198,89.19%
2016,610183,779,2,0.26%,109,13.99%,710,91.14%
2016,610357,173,37,21.39%,31,17.92%,168,97.11%
2016,610548,450,51,11.33%,26,5.78%,183,40.67%
2016,609880,282,1,0.35%,14,4.96%,37,13.12%
2016,609933,381,111,29.13%,64,16.80%,338,88.71%
2016,609976,"1,006",419,41.65%,117,11.63%,809,80.42%
2016,609724,"1,576",369,23.41%,169,10.72%,"1,384",87.82%
2016,610191,625,86,13.76%,54,8.64%,328,52.48%
2016,610405,418,17,4.07%,43,10.29%,237,56.70%
2016,610249,444,156,35.14%,58,13.06%,386,86.94%
2016,610396,"1,012",327,32.31%,104,10.28%,921,91.01%
2016,610506,272,,,53,19.49%,230,84.56%
2016,609921,298,193,64.77%,55,18.46%,262,87.92%
2016,400116,279,1,0.36%,38,13.62%,230,82.44%
2016,609991,620,5,0.81%,79,12.74%,527,85.00%
2016,609728,"1,182",304,25.72%,232,19.63%,"1,094",92.55%
2016,610178,226,,,38,16.81%,192,84.96%
2016,609794,278,2,0.72%,14,5.04%,43,15.47%
2016,609987,245,8,3.27%,61,24.90%,226,92.24%
2016,609851,388,,,54,13.92%,347,89.43%
2016,609896,351,15,4.27%,22,6.27%,120,34.19%
2016,610002,258,,,32,12.40%,206,79.84%
2016,610295,308,,,38,12.34%,273,88.64%
2016,610220,643,51,7.93%,54,8.40%,271,42.15%
2016,609715,"2,248",474,21.09%,315,14.01%,"2,125",94.53%
2016,610321,56,11,19.64%,13,23.21%,55,98.21%
2016,609895,275,,,41,14.91%,198,72.00%
2016,400078,322,,,34,10.56%,266,82.61%
2016,400075,565,1,0.18%,26,4.60%,425,75.22%
2016,400076,355,2,0.56%,21,5.92%,253,71.27%
2016,400077,641,2,0.31%,105,16.38%,539,84.09%
2016,400112,576,247,42.88%,39,6.77%,540,93.75%
2016,400120,574,220,38.33%,57,9.93%,524,91.29%
2016,400081,287,121,42.16%,21,7.32%,264,91.99%
2016,400153,566,302,53.36%,58,10.25%,527,93.11%
2016,400082,568,223,39.26%,75,13.20%,524,92.25%
2016,400114,282,140,49.65%,54,19.15%,250,88.65%
2016,400085,648,117,18.06%,83,12.81%,617,95.22%
2016,400083,414,194,46.86%,43,10.39%,383,92.51%
2016,400089,575,308,53.57%,43,7.48%,527,91.65%
2016,400080,640,262,40.94%,51,7.97%,563,87.97%
2016,400121,764,299,39.14%,95,12.43%,699,91.49%
2016,400084,288,162,56.25%,37,12.85%,268,93.06%
2016,400101,564,252,44.68%,45,7.98%,518,91.84%
2016,400149,677,145,21.42%,78,11.52%,640,94.53%
2016,400079,638,193,30.25%,51,7.99%,581,91.07%
2016,610394,311,27,8.68%,86,27.65%,296,95.18%
2016,400105,420,,,78,18.57%,351,83.57%
2016,400086,443,1,0.23%,86,19.41%,363,81.94%
2016,400102,342,,,78,22.81%,295,86.26%
2016,610504,183,58,31.69%,58,31.69%,85,46.45%
2016,609944,351,80,22.79%,40,11.40%,210,59.83%
2016,610518,195,3,1.54%,38,19.49%,189,96.92%
2016,610363,"1,624",179,11.02%,143,8.81%,"1,016",62.56%
2016,610095,565,34,6.02%,78,13.81%,367,64.96%
2016,609680,887,5,0.56%,54,6.09%,279,31.45%
2016,609955,345,1,0.29%,44,12.75%,311,90.14%
2016,609855,379,190,50.13%,219,57.78%,346,91.29%
2016,610179,"1,007",202,20.06%,87,8.64%,766,76.07%
2016,610121,518,45,8.69%,83,16.02%,457,88.22%
2016,609740,461,55,11.93%,117,25.38%,440,95.44%
2016,610032,365,,,50,13.70%,328,89.86%
2016,609727,643,5,0.78%,123,19.13%,597,92.85%
2016,609978,362,,,47,12.98%,311,85.91%
2016,610100,628,214,34.08%,64,10.19%,554,88.22%
2016,610542,772,344,44.56%,78,10.10%,620,80.31%
2016,609755,"2,157",32,1.48%,147,6.82%,932,43.21%
2016,610230,475,39,8.21%,59,12.42%,106,22.32%
2016,610251,367,2,0.54%,69,18.80%,331,90.19%
2016,610101,865,116,13.41%,72,8.32%,185,21.39%
2016,610109,260,3,1.15%,24,9.23%,161,61.92%
2016,610143,277,1,0.36%,42,15.16%,266,96.03%
2016,609945,746,281,37.67%,96,12.87%,636,85.25%
2016,610364,209,3,1.44%,29,13.88%,173,82.78%
2016,609884,823,214,26.00%,106,12.88%,499,60.63%
2016,609967,457,179,39.17%,96,21.01%,449,98.25%
2016,609994,"1,099",494,44.95%,143,13.01%,"1,006",91.54%
2016,609812,271,,,70,25.83%,235,86.72%
2016,610136,368,53,14.40%,44,11.96%,171,46.47%
2016,610142,733,96,13.10%,81,11.05%,386,52.66%
2016,610153,402,3,0.75%,96,23.88%,342,85.07%
2016,610167,796,334,41.96%,77,9.67%,726,91.21%
2016,609734,"3,212",233,7.25%,384,11.96%,"1,873",58.31%
2016,609698,856,82,9.58%,199,23.25%,771,90.07%
2016,610104,640,68,10.63%,76,11.88%,244,38.13%
2016,609678,"1,670",24,1.44%,132,7.90%,729,43.65%
2016,610193,494,56,11.34%,101,20.45%,478,96.76%
2016,609949,"1,262",342,27.10%,166,13.15%,"1,080",85.58%
2016,610097,962,489,50.83%,98,10.19%,929,96.57%
2016,610123,379,24,6.33%,100,26.39%,336,88.65%
2016,609711,253,2,0.79%,65,25.69%,248,98.02%
2016,610172,321,1,0.31%,25,7.79%,290,90.34%
2016,609844,426,,,42,9.86%,416,97.65%
2016,610308,101,36,35.64%,89,88.12%,81,80.20%
2016,610574,91,1,1.10%,5,5.49%,86,94.51%
2016,610088,781,340,43.53%,95,12.16%,705,90.27%
2016,609977,211,1,0.47%,19,9.00%,176,83.41%
2016,610392,329,53,16.11%,47,14.29%,313,95.14%
2016,400123,221,,,28,12.67%,207,93.67%
2016,400133,400,4,1.00%,71,17.75%,352,88.00%
2016,400124,187,,,40,21.39%,181,96.79%
2016,400125,195,33,16.92%,41,21.03%,181,92.82%
2016,400126,152,13,8.55%,38,25.00%,147,96.71%
2016,400127,144,1,0.69%,22,15.28%,123,85.42%
2016,400128,200,,,51,25.50%,183,91.50%
2016,400129,151,,,17,11.26%,134,88.74%
2016,400150,201,,,32,15.92%,180,89.55%
2016,400130,161,1,0.62%,42,26.09%,154,95.65%
2016,400131,184,18,9.78%,40,21.74%,171,92.93%
2016,400134,210,13,6.19%,47,22.38%,189,90.00%
2016,400135,215,35,16.28%,53,24.65%,201,93.49%
2016,400136,158,1,0.63%,18,11.39%,135,85.44%
2016,400139,333,2,0.60%,72,21.62%,317,95.20%
2016,400141,210,7,3.33%,27,12.86%,177,84.29%
2016,400143,175,2,1.14%,35,20.00%,149,85.14%
2016,400144,112,,,24,21.43%,104,92.86%
2016,400145,260,,,56,21.54%,251,96.54%
2016,400087,347,,,80,23.05%,314,90.49%
2015,610229,725,47,6.48%,73,10.07%,386,53.24%
2015,610038,824,61,7.40%,54,6.55%,119,14.44%
2015,400009,391,108,27.62%,47,12.02%,306,78.26%
2015,610281,575,22,3.83%,64,11.13%,552,96.00%
2015,610185,"1,275",474,37.18%,177,13.88%,"1,208",94.75%
2015,609993,498,176,35.34%,47,9.44%,491,98.59%
2015,610513,373,9,2.41%,39,10.46%,327,87.67%
2015,610334,488,7,1.43%,121,24.80%,479,98.16%
2015,400011,581,0,0.00%,39,6.71%,545,93.80%
2015,610212,269,44,16.36%,33,12.27%,262,97.40%
2015,609720,"4,071",16,0.39%,186,4.57%,"2,384",58.56%
2015,610342,604,107,17.72%,57,9.44%,546,90.40%
2015,610524,274,18,6.57%,66,24.09%,219,79.93%
2015,610209,"1,004",551,54.88%,108,10.76%,959,95.52%
2015,609808,617,2,0.32%,57,9.24%,600,97.24%
2015,609799,"1,028",35,3.40%,119,11.58%,197,19.16%
2015,609947,486,79,16.26%,44,9.05%,460,94.65%
2015,609963,419,18,4.30%,52,12.41%,120,28.64%
2015,610098,852,320,37.56%,94,11.03%,817,95.89%
2015,609788,307,0,0.00%,39,12.70%,256,83.39%
2015,400012,325,3,0.92%,69,21.23%,314,96.62%
2015,610131,145,38,26.21%,19,13.10%,145,100.00%
2015,610316,247,0,0.00%,22,8.91%,186,75.30%
2015,610339,558,2,0.36%,74,13.26%,547,98.03%
2015,609837,609,2,0.33%,49,8.05%,530,87.03%
2015,610060,566,51,9.01%,33,5.83%,242,42.76%
2015,609869,409,3,0.73%,45,11.00%,408,99.76%
2015,610084,245,2,0.82%,13,5.31%,52,21.22%
2015,400010,448,17,3.79%,94,20.98%,438,97.77%
2015,609951,550,0,0.00%,49,8.91%,455,82.73%
2015,610171,708,170,24.01%,64,9.04%,697,98.45%
2015,610037,495,55,11.11%,89,17.98%,491,99.19%
2015,609887,644,4,0.62%,76,11.80%,579,89.91%
2015,609836,799,134,16.77%,89,11.14%,448,56.07%
2015,610268,362,1,0.28%,38,10.50%,358,98.90%
2015,609941,501,8,1.60%,58,11.58%,492,98.20%
2015,610287,456,27,5.92%,75,16.45%,407,89.25%
2015,400060,456,164,35.96%,38,8.33%,349,76.54%
2015,400013,508,122,24.02%,103,20.28%,482,94.88%
2015,400017,578,114,19.72%,65,11.25%,568,98.27%
2015,400015,77,15,19.48%,21,27.27%,77,100.00%
2015,609820,518,17,3.28%,75,14.48%,111,21.43%
2015,400018,150,1,0.67%,37,24.67%,148,98.67%
2015,610501,165,1,0.61%,40,24.24%,159,96.36%
2015,609786,352,1,0.28%,37,10.51%,339,96.31%
2015,610563,550,87,15.82%,48,8.73%,543,98.73%
2015,610555,301,0,0.00%,48,15.95%,289,96.01%
2015,609871,327,82,25.08%,126,38.53%,189,57.80%
2015,609922,600,363,60.50%,69,11.50%,577,96.17%
2015,609764,"1,676",238,14.20%,247,14.74%,"1,619",96.60%
2015,610290,483,0,0.00%,74,15.32%,445,92.13%
2015,610076,498,150,30.12%,61,12.25%,485,97.39%
2015,400072,305,0,0.00%,31,10.16%,288,94.43%
2015,400074,268,0,0.00%,28,10.45%,260,97.01%
2015,400073,145,0,0.00%,28,19.31%,142,97.93%
2015,610175,344,14,4.07%,41,11.92%,302,87.79%
2015,610087,195,93,47.69%,172,88.21%,153,78.46%
2015,610323,382,21,5.50%,90,23.56%,373,97.64%
2015,609969,376,24,6.38%,70,18.62%,303,80.59%
2015,610106,531,100,18.83%,78,14.69%,528,99.44%
2015,610317,526,183,34.79%,49,9.32%,519,98.67%
2015,400019,472,0,0.00%,49,10.38%,414,87.71%
2015,610381,487,7,1.44%,66,13.55%,465,95.48%
2015,609821,572,8,1.40%,67,11.71%,550,96.15%
2015,609827,600,3,0.50%,71,11.83%,528,88.00%
2015,610353,807,445,55.14%,102,12.64%,780,96.65%
2015,610572,27,0,0.00%,8,29.63%,27,100.00%
2015,610573,21,0,0.00%,7,33.33%,21,100.00%
2015,609729,"2,302",398,17.29%,408,17.72%,"2,156",93.66%
2015,610039,654,210,32.11%,87,13.30%,619,94.65%
2015,610238,367,2,0.54%,81,22.07%,366,99.73%
2015,609839,499,3,0.60%,75,15.03%,450,90.18%
2015,610345,347,5,1.44%,61,17.58%,336,96.83%
2015,400020,468,1,0.21%,68,14.53%,460,98.29%
2015,400021,516,0,0.00%,60,11.63%,500,96.90%
2015,400115,956,159,16.63%,154,16.11%,873,91.32%
2015,610148,959,476,49.64%,103,10.74%,949,98.96%
2015,609679,"1,476",59,4.00%,148,10.03%,"1,404",95.12%
2015,610005,308,0,0.00%,32,10.39%,304,98.70%
2015,609966,497,235,47.28%,90,18.11%,491,98.79%
2015,609879,"1,059",222,20.96%,145,13.69%,"1,025",96.79%
2015,610366,250,0,0.00%,29,11.60%,223,89.20%
2015,610030,362,1,0.28%,35,9.67%,333,91.99%
2015,609996,545,117,21.47%,60,11.01%,527,96.70%
2015,609833,300,0,0.00%,41,13.67%,264,88.00%
2015,609732,"1,709",244,14.28%,265,15.51%,"1,599",93.56%
2015,609875,568,224,39.44%,83,14.61%,536,94.37%
2015,609986,338,4,1.18%,41,12.13%,329,97.34%
2015,609813,258,0,0.00%,28,10.85%,257,99.61%
2015,609883,619,1,0.16%,96,15.51%,612,98.87%
2015,610194,312,0,0.00%,34,10.90%,297,95.19%
2015,609897,516,1,0.19%,76,14.73%,508,98.45%
2015,610248,612,164,26.80%,81,13.24%,482,78.76%
2015,610340,526,30,5.70%,94,17.87%,446,84.79%
2015,400161,173,1,0.58%,23,13.29%,157,90.75%
2015,400147,374,0,0.00%,31,8.29%,343,91.71%
2015,609753,690,3,0.43%,127,18.41%,354,51.30%
2015,400022,577,6,1.04%,48,8.32%,296,51.30%
2015,400023,402,1,0.25%,40,9.95%,382,95.02%
2015,400024,634,23,3.63%,66,10.41%,608,95.90%
2015,400025,675,113,16.74%,92,13.63%,563,83.41%
2015,400113,295,14,4.75%,64,21.69%,253,85.76%
2015,400027,536,69,12.87%,47,8.77%,335,62.50%
2015,400108,237,1,0.42%,47,19.83%,225,94.94%
2015,400092,343,4,1.17%,45,13.12%,334,97.38%
2015,400033,"1,266",1,0.08%,188,14.85%,"1,129",89.18%
2015,400026,578,1,0.17%,52,9.00%,479,82.87%
2015,400034,860,67,7.79%,174,20.23%,705,81.98%
2015,400028,405,115,28.40%,50,12.35%,399,98.52%
2015,400032,479,0,0.00%,64,13.36%,447,93.32%
2015,400029,432,0,0.00%,39,9.03%,423,97.92%
2015,400030,501,190,37.92%,73,14.57%,480,95.81%
2015,400031,731,3,0.41%,62,8.48%,608,83.17%
2015,400035,606,72,11.88%,61,10.07%,564,93.07%
2015,609754,395,8,2.03%,40,10.13%,375,94.94%
2015,400091,377,10,2.65%,75,19.89%,351,93.10%
2015,400036,682,26,3.81%,82,12.02%,497,72.87%
2015,609674,953,10,1.05%,257,26.97%,910,95.49%
2015,609899,711,32,4.50%,94,13.22%,137,19.27%
2015,609705,333,1,0.30%,67,20.12%,325,97.60%
2015,400159,167,111,66.47%,17,10.18%,151,90.42%
2015,609863,285,99,34.74%,13,4.56%,219,76.84%
2015,609790,531,1,0.19%,66,12.43%,477,89.83%
2015,610347,503,22,4.37%,91,18.09%,501,99.60%
2015,610499,419,1,0.24%,84,20.05%,413,98.57%
2015,610170,"1,098",402,36.61%,102,9.29%,"1,076",98.00%
2015,400038,156,0,0.00%,9,5.77%,104,66.67%
2015,609748,341,3,0.88%,88,25.81%,330,96.77%
2015,610004,243,2,0.82%,32,13.17%,236,97.12%
2015,609781,132,0,0.00%,24,18.18%,131,99.24%
2015,609873,307,4,1.30%,52,16.94%,287,93.49%
2015,610063,825,436,52.85%,67,8.12%,811,98.30%
2015,609804,818,385,47.07%,90,11.00%,762,93.15%
2015,610083,149,56,37.58%,123,82.55%,65,43.62%
2015,610380,290,0,0.00%,22,7.59%,278,95.86%
2015,609870,597,250,41.88%,71,11.89%,579,96.98%
2015,609835,855,212,24.80%,101,11.81%,851,99.53%
2015,610223,558,11,1.97%,76,13.62%,549,98.39%
2015,610221,314,0,0.00%,36,11.46%,310,98.73%
2015,609704,987,267,27.05%,197,19.96%,978,99.09%
2015,610402,196,2,1.02%,5,2.55%,149,76.02%
2015,609885,365,4,1.10%,32,8.77%,364,99.73%
2015,609859,"1,134",539,47.53%,77,6.79%,979,86.33%
2015,610564,493,11,2.23%,43,8.72%,312,63.29%
2015,610515,420,37,8.81%,36,8.57%,138,32.86%
2015,610077,845,290,34.32%,86,10.18%,739,87.46%
2015,610198,529,202,38.19%,63,11.91%,522,98.68%
2015,609751,739,7,0.95%,62,8.39%,596,80.65%
2015,610533,"1,039",407,39.17%,179,17.23%,"1,009",97.11%
2015,610299,237,0,0.00%,30,12.66%,237,100.00%
2015,610188,246,0,0.00%,26,10.57%,233,94.72%
2015,610352,635,208,32.76%,77,12.13%,591,93.07%
2015,610254,472,0,0.00%,53,11.23%,470,99.58%
2015,609736,13,0,0.00%,5,38.46%,13,100.00%
2015,610132,200,0,0.00%,7,3.50%,87,43.50%
2015,609901,511,5,0.98%,68,13.31%,77,15.07%
2015,610523,493,31,6.29%,65,13.18%,113,22.92%
2015,609819,442,0,0.00%,43,9.73%,427,96.61%
2015,609815,666,10,1.50%,100,15.02%,664,99.70%
2015,610246,"1,415",2,0.14%,63,4.45%,"1,160",81.98%
2015,609862,548,0,0.00%,56,10.22%,526,95.99%
2015,609909,238,77,32.35%,31,13.03%,232,97.48%
2015,610012,245,0,0.00%,49,20.00%,236,96.33%
2015,609904,696,9,1.29%,104,14.94%,687,98.71%
2015,610006,846,263,31.09%,80,9.46%,816,96.45%
2015,609735,328,13,3.96%,108,32.93%,319,97.26%
2015,610315,178,0,0.00%,22,12.36%,177,99.44%
2015,609708,"1,276",229,17.95%,221,17.32%,"1,229",96.32%
2015,610227,"1,104",544,49.28%,88,7.97%,"1,082",98.01%
2015,609852,554,188,33.94%,104,18.77%,463,83.57%
2015,610195,729,2,0.27%,97,13.31%,246,33.74%
2015,610235,"1,024",58,5.66%,124,12.11%,"1,006",98.24%
2015,609682,354,45,12.71%,96,27.12%,348,98.31%
2015,610073,367,79,21.53%,50,13.62%,247,67.30%
2015,609712,201,0,0.00%,68,33.83%,200,99.50%
2015,609973,903,454,50.28%,92,10.19%,884,97.90%
2015,610065,386,0,0.00%,69,17.88%,383,99.22%
2015,610203,"1,082",361,33.36%,69,6.38%,"1,048",96.86%
2015,400094,421,56,13.30%,76,18.05%,405,96.20%
2015,610543,"1,083",135,12.47%,136,12.56%,"1,046",96.58%
2015,400039,440,156,35.45%,66,15.00%,397,90.23%
2015,610137,700,201,28.71%,67,9.57%,543,77.57%
2015,609908,329,3,0.91%,44,13.37%,310,94.22%
2015,609918,352,94,26.70%,46,13.07%,337,95.74%
2015,609874,842,425,50.48%,86,10.21%,681,80.88%
2015,610319,371,61,16.44%,53,14.29%,356,95.96%
2015,400176,2,0,0.00%,0,0.00%,1,50.00%
2015,610565,340,0,0.00%,60,17.65%,322,94.71%
2015,610057,612,237,38.73%,66,10.78%,605,98.86%
2015,610541,903,405,44.85%,120,13.29%,885,98.01%
2015,610120,"1,644",779,47.38%,143,8.70%,"1,594",96.96%
2015,609917,342,0,0.00%,40,11.70%,334,97.66%
2015,610096,"1,310",618,47.18%,163,12.44%,"1,285",98.09%
2015,609924,392,0,0.00%,50,12.76%,385,98.21%
2015,609927,356,0,0.00%,85,23.88%,333,93.54%
2015,400171,112,0,0.00%,19,16.96%,106,94.64%
2015,610067,868,56,6.45%,115,13.25%,846,97.47%
2015,610112,785,0,0.00%,65,8.28%,783,99.75%
2015,610215,323,40,12.38%,47,14.55%,321,99.38%
2015,609800,373,1,0.27%,35,9.38%,359,96.25%
2015,609939,573,4,0.70%,83,14.49%,553,96.51%
2015,609958,860,306,35.58%,65,7.56%,797,92.67%
2015,610144,"1,087",520,47.84%,122,11.22%,"1,043",95.95%
2015,609926,367,15,4.09%,45,12.26%,158,43.05%
2015,610165,939,522,55.59%,84,8.95%,911,97.02%
2015,400040,406,0,0.00%,35,8.62%,395,97.29%
2015,610503,292,0,0.00%,32,10.96%,270,92.47%
2015,609854,544,104,19.12%,107,19.67%,526,96.69%
2015,610245,243,2,0.82%,61,25.10%,236,97.12%
2015,609930,550,185,33.64%,78,14.18%,543,98.73%
2015,610163,248,42,16.94%,123,49.60%,72,29.03%
2015,610010,338,58,17.16%,50,14.79%,261,77.22%
2015,609737,"1,687",28,1.66%,142,8.42%,"1,320",78.25%
2015,609709,465,82,17.63%,87,18.71%,458,98.49%
2015,400041,338,5,1.48%,32,9.47%,327,96.75%
2015,610009,560,61,10.89%,54,9.64%,379,67.68%
2015,610293,608,0,0.00%,52,8.55%,559,91.94%
2015,609779,"1,461",417,28.54%,161,11.02%,"1,367",93.57%
2015,610062,306,57,18.63%,68,22.22%,280,91.50%
2015,610196,718,334,46.52%,79,11.00%,624,86.91%
2015,609849,394,8,2.03%,84,21.32%,100,25.38%
2015,609761,421,5,1.19%,109,25.89%,409,97.15%
2015,610305,630,3,0.48%,86,13.65%,628,99.68%
2015,610139,286,12,4.20%,30,10.49%,278,97.20%
2015,610048,359,2,0.56%,55,15.32%,347,96.66%
2015,609795,290,54,18.62%,42,14.48%,272,93.79%
2015,609900,647,16,2.47%,73,11.28%,642,99.23%
2015,610202,377,0,0.00%,42,11.14%,376,99.73%
2015,609760,504,10,1.98%,40,7.94%,477,94.64%
2015,609845,447,1,0.22%,49,10.96%,444,99.33%
2015,610219,867,80,9.23%,75,8.65%,689,79.47%
2015,609739,"1,474",109,7.39%,215,14.59%,"1,367",92.74%
2015,609693,"1,123",20,1.78%,73,6.50%,947,84.33%
2015,609920,716,347,48.46%,84,11.73%,712,99.44%
2015,400168,125,4,3.20%,7,5.60%,115,92.00%
2015,610383,326,57,17.48%,47,14.42%,317,97.24%
2015,609857,659,282,42.79%,125,18.97%,598,90.74%
2015,609741,"1,701",207,12.17%,209,12.29%,"1,663",97.77%
2015,609726,790,0,0.00%,43,5.44%,588,74.43%
2015,610182,358,108,30.17%,72,20.11%,226,63.13%
2015,610068,"1,570",679,43.25%,265,16.88%,"1,539",98.03%
2015,610124,447,0,0.00%,72,16.11%,435,97.32%
2015,610192,773,291,37.65%,122,15.78%,764,98.84%
2015,610158,530,58,10.94%,52,9.81%,420,79.25%
2015,609974,574,5,0.87%,52,9.06%,127,22.13%
2015,609985,436,0,0.00%,56,12.84%,402,92.20%
2015,610122,"1,033",166,16.07%,84,8.13%,731,70.76%
2015,609972,"1,154",719,62.31%,132,11.44%,"1,128",97.75%
2015,609856,595,156,26.22%,67,11.26%,566,95.13%
2015,610040,"1,243",725,58.33%,127,10.22%,"1,201",96.62%
2015,400042,97,0,0.00%,14,14.43%,95,97.94%
2015,610092,360,5,1.39%,36,10.00%,359,99.72%
2015,610279,402,0,0.00%,67,16.67%,359,89.30%
2015,609861,546,6,1.10%,66,12.09%,288,52.75%
2015,609798,617,138,22.37%,64,10.37%,446,72.29%
2015,609768,272,5,1.84%,56,20.59%,271,99.63%
2015,400043,394,11,2.79%,82,20.81%,288,73.10%
2015,609850,683,177,25.92%,68,9.96%,590,86.38%
2015,610052,388,5,1.29%,62,15.98%,381,98.20%
2015,400167,445,82,18.43%,55,12.36%,369,82.92%
2015,609713,946,3,0.32%,160,16.91%,922,97.46%
2015,610390,553,22,3.98%,46,8.32%,481,86.98%
2015,610110,458,4,0.87%,34,7.42%,432,94.32%
2015,610384,418,42,10.05%,47,11.24%,404,96.65%
2015,400164,76,7,9.21%,7,9.21%,73,96.05%
2015,400104,769,115,14.95%,101,13.13%,750,97.53%
2015,400148,167,22,13.17%,26,15.57%,162,97.01%
2015,610078,654,171,26.15%,55,8.41%,369,56.42%
2015,400162,449,22,4.90%,71,15.81%,393,87.53%
2015,609848,223,0,0.00%,17,7.62%,221,99.10%
2015,610532,943,165,17.50%,90,9.54%,929,98.52%
2015,610125,839,242,28.84%,98,11.68%,804,95.83%
2015,610276,466,1,0.21%,41,8.80%,399,85.62%
2015,610103,676,1,0.15%,67,9.91%,662,97.93%
2015,610256,141,1,0.71%,7,4.96%,138,97.87%
2015,609797,505,0,0.00%,65,12.87%,463,91.68%
2015,609766,201,63,31.34%,201,100.00%,161,80.10%
2015,609912,586,126,21.50%,147,25.09%,383,65.36%
2015,610070,782,163,20.84%,174,22.25%,680,86.96%
2015,610066,182,1,0.55%,6,3.30%,80,43.96%
2015,609803,898,76,8.46%,87,9.69%,185,20.60%
2015,609983,781,414,53.01%,86,11.01%,774,99.10%
2015,610047,210,0,0.00%,28,13.33%,209,99.52%
2015,610074,982,278,28.31%,96,9.78%,962,97.96%
2015,610200,364,47,12.91%,103,28.30%,358,98.35%
2015,610107,596,203,34.06%,130,21.81%,570,95.64%
2015,609891,307,2,0.65%,38,12.38%,300,97.72%
2015,610044,632,160,25.32%,172,27.22%,608,96.20%
2015,610174,"1,057",516,48.82%,92,8.70%,"1,050",99.34%
2015,610559,706,127,17.99%,113,16.01%,696,98.58%
2015,610213,550,1,0.18%,51,9.27%,540,98.18%
2015,610217,520,209,40.19%,44,8.46%,451,86.73%
2015,610274,396,0,0.00%,53,13.38%,396,100.00%
2015,610093,300,6,2.00%,125,41.67%,282,94.00%
2015,609772,890,239,26.85%,81,9.10%,788,88.54%
2015,609796,"1,146",190,16.58%,99,8.64%,639,55.76%
2015,610271,477,4,0.84%,48,10.06%,466,97.69%
2015,609943,536,0,0.00%,72,13.43%,511,95.34%
2015,610173,354,0,0.00%,71,20.06%,352,99.44%
2015,609942,802,159,19.83%,82,10.22%,629,78.43%
2015,610216,450,122,27.11%,82,18.22%,412,91.56%
2015,609894,462,3,0.65%,79,17.10%,415,89.83%
2015,610089,585,200,34.19%,86,14.70%,493,84.27%
2015,609789,839,270,32.18%,86,10.25%,807,96.19%
2015,609829,490,177,36.12%,51,10.41%,469,95.71%
2015,609866,834,81,9.71%,105,12.59%,236,28.30%
2015,609893,673,102,15.16%,125,18.57%,379,56.32%
2015,609959,651,197,30.26%,29,4.45%,619,95.08%
2015,610176,504,0,0.00%,49,9.72%,497,98.61%
2015,609898,"1,550",571,36.84%,146,9.42%,"1,521",98.13%
2015,609718,"1,568",84,5.36%,297,18.94%,"1,346",85.84%
2015,609919,512,0,0.00%,48,9.38%,506,98.83%
2015,610263,778,1,0.13%,87,11.18%,776,99.74%
2015,610228,324,227,70.06%,44,13.58%,319,98.46%
2015,609964,642,305,47.51%,68,10.59%,639,99.53%
2015,610026,673,93,13.82%,148,21.99%,469,69.69%
2015,610207,300,0,0.00%,24,8.00%,207,69.00%
2015,609694,920,90,9.78%,91,9.89%,891,96.85%
2015,609971,468,0,0.00%,70,14.96%,463,98.93%
2015,609975,541,11,2.03%,53,9.80%,533,98.52%
2015,609782,586,34,5.80%,56,9.56%,140,23.89%
2015,610126,522,7,1.34%,62,11.88%,419,80.27%
2015,610054,864,242,28.01%,100,11.57%,803,92.94%
2015,609710,760,1,0.13%,149,19.61%,714,93.95%
2015,610180,459,5,1.09%,76,16.56%,448,97.60%
2015,609723,514,1,0.19%,135,26.26%,431,83.85%
2015,609954,416,0,0.00%,58,13.94%,415,99.76%
2015,610111,890,303,34.04%,100,11.24%,784,88.09%
2015,610184,680,328,48.24%,86,12.65%,675,99.26%
2015,610269,470,153,32.55%,101,21.49%,461,98.09%
2015,610130,342,1,0.29%,30,8.77%,304,88.89%
2015,609864,404,2,0.50%,68,16.83%,370,91.58%
2015,609937,784,158,20.15%,107,13.65%,372,47.45%
2015,610225,290,1,0.34%,45,15.52%,273,94.14%
2015,610199,269,9,3.35%,29,10.78%,236,87.73%
2015,609828,398,54,13.57%,42,10.55%,204,51.26%
2015,610159,951,418,43.95%,90,9.46%,912,95.90%
2015,609865,601,213,35.44%,82,13.64%,591,98.34%
2015,610313,770,82,10.65%,105,13.64%,709,92.08%
2015,609950,746,526,70.51%,86,11.53%,728,97.59%
2015,610242,499,167,33.47%,99,19.84%,476,95.39%
2015,609938,"1,169",484,41.40%,186,15.91%,"1,158",99.06%
2015,610015,285,137,48.07%,54,18.95%,278,97.54%
2015,609925,416,0,0.00%,27,6.49%,394,94.71%
2015,610043,452,20,4.42%,54,11.95%,429,94.91%
2015,610218,300,2,0.67%,30,10.00%,289,96.33%
2015,610041,"1,370",370,27.01%,206,15.04%,"1,230",89.78%
2015,610019,266,0,0.00%,40,15.04%,243,91.35%
2015,610129,584,258,44.18%,85,14.55%,573,98.12%
2015,610022,784,412,52.55%,152,19.39%,760,96.94%
2015,610000,587,1,0.17%,91,15.50%,586,99.83%
2015,610016,251,0,0.00%,41,16.33%,126,50.20%
2015,609716,887,168,18.94%,149,16.80%,853,96.17%
2015,609746,"1,757",16,0.91%,132,7.51%,"1,268",72.17%
2015,400044,722,12,1.66%,82,11.36%,695,96.26%
2015,400177,109,3,2.75%,4,3.67%,106,97.25%
2015,400163,165,0,0.00%,22,13.33%,156,94.55%
2015,400146,233,0,0.00%,23,9.87%,225,96.57%
2015,400045,312,0,0.00%,29,9.29%,264,84.62%
2015,609719,"1,347",46,3.41%,177,13.14%,"1,188",88.20%
2015,610368,549,1,0.18%,126,22.95%,540,98.36%
2015,610033,553,29,5.24%,58,10.49%,193,34.90%
2015,610520,605,54,8.93%,90,14.88%,310,51.24%
2015,609910,"1,402",617,44.01%,157,11.20%,"1,347",96.08%
2015,610133,654,5,0.76%,61,9.33%,647,98.93%
2015,610034,418,0,0.00%,42,10.05%,417,99.76%
2015,610024,709,356,50.21%,66,9.31%,700,98.73%
2015,400107,450,45,10.00%,57,12.67%,422,93.78%
2015,400165,284,0,0.00%,51,17.96%,263,92.61%
2015,400151,267,0,0.00%,24,8.99%,245,91.76%
2015,400047,488,3,0.61%,57,11.68%,485,99.39%
2015,400048,448,0,0.00%,43,9.60%,433,96.65%
2015,400046,638,3,0.47%,41,6.43%,601,94.20%
2015,400111,456,0,0.00%,44,9.65%,420,92.11%
2015,400049,496,2,0.40%,58,11.69%,454,91.53%
2015,400119,251,1,0.40%,40,15.94%,238,94.82%
2015,609907,460,0,0.00%,35,7.61%,449,97.61%
2015,610298,289,5,1.73%,8,2.77%,111,38.41%
2015,610036,511,46,9.00%,53,10.37%,509,99.61%
2015,609738,"2,267",53,2.34%,163,7.19%,"1,321",58.27%
2015,609807,563,114,20.25%,82,14.56%,524,93.07%
2015,400137,190,0,0.00%,39,20.53%,179,94.21%
2015,609834,892,460,51.57%,86,9.64%,886,99.33%
2015,610325,846,283,33.45%,96,11.35%,818,96.69%
2015,609809,426,151,35.45%,64,15.02%,368,86.38%
2015,609773,510,39,7.65%,116,22.75%,250,49.02%
2015,610094,840,106,12.62%,82,9.76%,235,27.98%
2015,610117,"1,260",441,35.00%,134,10.63%,"1,190",94.44%
2015,609774,567,29,5.11%,45,7.94%,95,16.75%
2015,610237,376,1,0.27%,57,15.16%,370,98.40%
2015,610108,467,6,1.28%,57,12.21%,448,95.93%
2015,609818,995,441,44.32%,120,12.06%,968,97.29%
2015,609817,866,431,49.77%,82,9.47%,754,87.07%
2015,610566,200,0,0.00%,40,20.00%,165,82.50%
2015,610567,200,0,0.00%,31,15.50%,183,91.50%
2015,610582,200,0,0.00%,34,17.00%,190,95.00%
2015,610580,95,4,4.21%,16,16.84%,89,93.68%
2015,610369,359,0,0.00%,70,19.50%,355,98.89%
2015,610197,540,231,42.78%,97,17.96%,448,82.96%
2015,609722,356,1,0.28%,105,29.49%,308,86.52%
2015,609872,338,122,36.09%,44,13.02%,335,99.11%
2015,610128,294,0,0.00%,31,10.54%,291,98.98%
2015,610017,"1,222",477,39.03%,102,8.35%,"1,155",94.52%
2015,610544,970,232,23.92%,80,8.25%,897,92.47%
2015,609756,"3,060",277,9.05%,323,10.56%,"2,914",95.23%
2015,609780,760,104,13.68%,72,9.47%,737,96.97%
2015,610081,557,56,10.05%,36,6.46%,316,56.73%
2015,610177,966,54,5.59%,54,5.59%,262,27.12%
2015,610206,"1,196",196,16.39%,96,8.03%,"1,056",88.29%
2015,610053,"1,274",386,30.30%,129,10.13%,"1,254",98.43%
2015,610152,409,0,0.00%,50,12.22%,407,99.51%
2015,610539,"1,032",360,34.88%,128,12.40%,957,92.73%
2015,610355,576,116,20.14%,164,28.47%,498,86.46%
2015,610312,185,0,0.00%,12,6.49%,172,92.97%
2015,610127,888,238,26.80%,94,10.59%,707,79.62%
2015,610046,"1,417",486,34.30%,164,11.57%,"1,353",95.48%
2015,609888,192,0,0.00%,23,11.98%,186,96.88%
2015,609935,"1,261",314,24.90%,130,10.31%,"1,226",97.22%
2015,610362,365,0,0.00%,53,14.52%,326,89.32%
2015,609928,383,1,0.26%,63,16.45%,373,97.39%
2015,610055,370,0,0.00%,55,14.86%,368,99.46%
2015,609832,637,53,8.32%,97,15.23%,393,61.70%
2015,610244,511,0,0.00%,63,12.33%,506,99.02%
2015,610208,393,1,0.25%,53,13.49%,382,97.20%
2015,609830,620,16,2.58%,65,10.48%,613,98.87%
2015,610011,913,269,29.46%,117,12.81%,705,77.22%
2015,609725,"1,436",5,0.35%,167,11.63%,"1,234",85.93%
2015,610257,404,3,0.74%,46,11.39%,399,98.76%
2015,610075,26,0,0.00%,26,100.00%,25,96.15%
2015,610082,"1,059",1,0.09%,113,10.67%,268,25.31%
2015,610086,293,0,0.00%,53,18.09%,283,96.59%
2015,610385,276,71,25.72%,56,20.29%,271,98.19%
2015,609806,736,4,0.54%,91,12.36%,728,98.91%
2015,400050,485,159,32.78%,84,17.32%,410,84.54%
2015,609783,333,6,1.80%,114,34.23%,277,83.18%
2015,609960,951,136,14.30%,130,13.67%,721,75.81%
2015,609876,913,414,45.35%,74,8.11%,898,98.36%
2015,609952,620,261,42.10%,50,8.06%,597,96.29%
2015,610231,626,17,2.72%,71,11.34%,553,88.34%
2015,609692,"1,402",0,0.00%,116,8.27%,"1,296",92.44%
2015,610284,607,392,64.58%,82,13.51%,574,94.56%
2015,609792,"1,011",359,35.51%,114,11.28%,917,90.70%
2015,609730,"1,281",187,14.60%,147,11.48%,"1,120",87.43%
2015,609793,559,0,0.00%,72,12.88%,557,99.64%
2015,609961,407,26,6.39%,38,9.34%,403,99.02%
2015,400170,194,9,4.64%,27,13.92%,165,85.05%
2015,400097,"1,085",89,8.20%,142,13.09%,989,91.15%
2015,400156,266,0,0.00%,40,15.04%,239,89.85%
2015,400052,"1,022",4,0.39%,145,14.19%,909,88.94%
2015,400053,645,54,8.37%,97,15.04%,602,93.33%
2015,400098,842,47,5.58%,93,11.05%,725,86.10%
2015,400051,615,46,7.48%,80,13.01%,565,91.87%
2015,400054,929,91,9.80%,100,10.76%,875,94.19%
2015,400055,619,50,8.08%,95,15.35%,526,84.98%
2015,400056,624,30,4.81%,112,17.95%,584,93.59%
2015,400057,887,48,5.41%,97,10.94%,781,88.05%
2015,400157,263,6,2.28%,66,25.10%,254,96.58%
2015,400106,848,8,0.94%,153,18.04%,805,94.93%
2015,400118,463,16,3.46%,90,19.44%,440,95.03%
2015,400117,647,1,0.15%,129,19.94%,555,85.78%
2015,400169,286,41,14.34%,30,10.49%,273,95.45%
2015,609810,"1,078",331,30.71%,127,11.78%,835,77.46%
2015,400058,411,3,0.73%,64,15.57%,396,96.35%
2015,400059,410,0,0.00%,52,12.68%,398,97.07%
2015,610354,361,181,50.14%,66,18.28%,336,93.07%
2015,609691,923,198,21.45%,147,15.93%,900,97.51%
2015,609749,"1,050",6,0.57%,65,6.19%,432,41.14%
2015,609744,270,64,23.70%,270,100.00%,237,87.78%
2015,610051,567,143,25.22%,59,10.41%,557,98.24%
2015,610099,381,11,2.89%,52,13.65%,88,23.10%
2015,610529,752,52,6.91%,85,11.30%,372,49.47%
2015,610201,839,84,10.01%,88,10.49%,459,54.71%
2015,610300,381,3,0.79%,47,12.34%,375,98.43%
2015,609997,228,1,0.44%,32,14.04%,227,99.56%
2015,610569,145,0,0.00%,24,16.55%,48,33.10%
2015,610570,167,7,4.19%,31,18.56%,165,98.80%
2015,610571,401,6,1.50%,79,19.70%,387,96.51%
2015,610105,689,55,7.98%,69,10.01%,180,26.12%
2015,610329,598,181,30.27%,68,11.37%,579,96.82%
2015,610389,458,15,3.28%,100,21.83%,435,94.98%
2015,609811,296,34,11.49%,74,25.00%,292,98.65%
2015,610367,739,6,0.81%,120,16.24%,722,97.70%
2015,610059,664,25,3.77%,58,8.73%,175,26.36%
2015,610021,497,66,13.28%,70,14.08%,487,97.99%
2015,610115,384,0,0.00%,25,6.51%,384,100.00%
2015,610116,316,0,0.00%,41,12.97%,312,98.73%
2015,610557,298,11,3.69%,44,14.77%,266,89.26%
2015,610568,307,23,7.49%,62,20.20%,287,93.49%
2015,400173,211,15,7.11%,25,11.85%,191,90.52%
2015,609988,659,327,49.62%,67,10.17%,634,96.21%
2015,610003,456,2,0.44%,56,12.28%,419,91.89%
2015,609676,"1,034",5,0.48%,195,18.86%,"1,019",98.55%
2015,610146,279,0,0.00%,27,9.68%,278,99.64%
2015,609707,295,0,0.00%,79,26.78%,295,100.00%
2015,610386,140,12,8.57%,25,17.86%,136,97.14%
2015,609762,871,1,0.11%,169,19.40%,823,94.49%
2015,609791,522,1,0.19%,59,11.30%,515,98.66%
2015,400062,449,0,0.00%,86,19.15%,426,94.88%
2015,400066,572,1,0.17%,111,19.41%,533,93.18%
2015,400064,384,2,0.52%,55,14.32%,351,91.41%
2015,400061,641,0,0.00%,111,17.32%,617,96.26%
2015,610145,852,309,36.27%,159,18.66%,772,90.61%
2015,609867,589,355,60.27%,86,14.60%,576,97.79%
2015,610147,761,288,37.84%,101,13.27%,639,83.97%
2015,609777,309,88,28.48%,38,12.30%,298,96.44%
2015,610090,531,11,2.07%,38,7.16%,307,57.82%
2015,609981,333,107,32.13%,77,23.12%,328,98.50%
2015,610304,501,16,3.19%,49,9.78%,479,95.61%
2015,610013,421,162,38.48%,112,26.60%,388,92.16%
2015,400068,487,0,0.00%,55,11.29%,478,98.15%
2015,400069,426,1,0.23%,57,13.38%,398,93.43%
2015,610135,"1,029",123,11.95%,127,12.34%,863,83.87%
2015,400070,222,4,1.80%,23,10.36%,182,81.98%
2015,400109,250,0,0.00%,30,12.00%,240,96.00%
2015,400071,512,4,0.78%,54,10.55%,459,89.65%
2015,610138,912,182,19.96%,79,8.66%,744,81.58%
2015,609842,"1,165",563,48.33%,94,8.07%,"1,155",99.14%
2015,609902,492,0,0.00%,43,8.74%,487,98.98%
2015,610141,527,80,15.18%,56,10.63%,245,46.49%
2015,609769,133,32,24.06%,133,100.00%,122,91.73%
2015,609903,"1,452",730,50.28%,142,9.78%,"1,412",97.25%
2015,610291,885,266,30.06%,100,11.30%,857,96.84%
2015,610239,645,304,47.13%,60,9.30%,643,99.69%
2015,610102,481,0,0.00%,55,11.43%,476,98.96%
2015,610561,338,6,1.78%,13,3.85%,301,89.05%
2015,609702,57,0,0.00%,10,17.54%,56,98.25%
2015,610234,601,164,27.29%,163,27.12%,586,97.50%
2015,609695,"1,132",138,12.19%,159,14.05%,"1,056",93.29%
2015,610350,469,3,0.64%,32,6.82%,401,85.50%
2015,609929,497,140,28.17%,55,11.07%,492,98.99%
2015,609979,"1,396",338,24.21%,93,6.66%,"1,253",89.76%
2015,609956,477,172,36.06%,53,11.11%,414,86.79%
2015,610391,"1,175",14,1.19%,57,4.85%,793,67.49%
2015,610252,432,5,1.16%,119,27.55%,426,98.61%
2015,609759,733,78,10.64%,166,22.65%,706,96.32%
2015,610029,262,131,50.00%,67,25.57%,246,93.89%
2015,609733,574,177,30.84%,123,21.43%,544,94.77%
2015,610091,312,0,0.00%,45,14.42%,300,96.15%
2015,610282,385,12,3.12%,85,22.08%,379,98.44%
2015,609826,576,147,25.52%,84,14.58%,571,99.13%
2015,610056,422,0,0.00%,57,13.51%,419,99.29%
2015,400096,692,197,28.47%,59,8.53%,590,85.26%
2015,610027,370,2,0.54%,62,16.76%,329,88.92%
2015,610250,374,154,41.18%,70,18.72%,311,83.16%
2015,609995,561,137,24.42%,81,14.44%,375,66.84%
2015,609853,469,206,43.92%,86,18.34%,455,97.01%
2015,610558,645,23,3.57%,99,15.35%,563,87.29%
2015,610155,574,99,17.25%,61,10.63%,198,34.49%
2015,609805,460,0,0.00%,67,14.57%,452,98.26%
2015,609968,730,260,35.62%,90,12.33%,716,98.08%
2015,610157,"1,808",675,37.33%,116,6.42%,"1,766",97.68%
2015,609750,70,2,2.86%,14,20.00%,70,100.00%
2015,610521,300,1,0.33%,30,10.00%,290,96.67%
2015,610534,418,0,0.00%,21,5.02%,74,17.70%
2015,610226,"1,145",524,45.76%,77,6.72%,"1,115",97.38%
2015,609990,908,73,8.04%,38,4.19%,305,33.59%
2015,610530,486,1,0.21%,85,17.49%,435,89.51%
2015,610547,669,0,0.00%,68,10.16%,594,88.79%
2015,609745,206,18,8.74%,206,100.00%,195,94.66%
2015,610183,800,1,0.13%,97,12.13%,794,99.25%
2015,610357,183,43,23.50%,31,16.94%,180,98.36%
2015,610548,392,66,16.84%,18,4.59%,169,43.11%
2015,609880,289,3,1.04%,17,5.88%,41,14.19%
2015,609933,400,91,22.75%,64,16.00%,389,97.25%
2015,609976,"1,006",431,42.84%,112,11.13%,917,91.15%
2015,609724,"1,579",333,21.09%,170,10.77%,"1,437",91.01%
2015,610191,629,102,16.22%,64,10.17%,333,52.94%
2015,610405,419,22,5.25%,43,10.26%,254,60.62%
2015,610249,442,193,43.67%,62,14.03%,420,95.02%
2015,610396,"1,034",308,29.79%,99,9.57%,"1,002",96.91%
2015,610506,378,0,0.00%,81,21.43%,370,97.88%
2015,609921,312,206,66.03%,57,18.27%,297,95.19%
2015,400116,258,1,0.39%,31,12.02%,249,96.51%
2015,609991,589,3,0.51%,68,11.54%,539,91.51%
2015,609728,"1,357",293,21.59%,229,16.88%,"1,311",96.61%
2015,610178,210,0,0.00%,44,20.95%,202,96.19%
2015,609794,277,4,1.44%,13,4.69%,42,15.16%
2015,609987,262,6,2.29%,46,17.56%,253,96.56%
2015,609851,365,2,0.55%,46,12.60%,363,99.45%
2015,609896,352,23,6.53%,26,7.39%,113,32.10%
2015,610002,241,0,0.00%,31,12.86%,218,90.46%
2015,610295,338,1,0.30%,39,11.54%,318,94.08%
2015,610220,625,78,12.48%,55,8.80%,279,44.64%
2015,609715,"2,290",471,20.57%,320,13.97%,"2,205",96.29%
2015,610321,108,19,17.59%,19,17.59%,106,98.15%
2015,609895,306,0,0.00%,44,14.38%,241,78.76%
2015,400078,352,0,0.00%,36,10.23%,311,88.35%
2015,400075,566,4,0.71%,31,5.48%,392,69.26%
2015,400076,342,2,0.58%,19,5.56%,273,79.82%
2015,400077,650,1,0.15%,106,16.31%,554,85.23%
2015,400112,576,251,43.58%,37,6.42%,569,98.78%
2015,400081,287,114,39.72%,26,9.06%,278,96.86%
2015,400082,574,215,37.46%,61,10.63%,544,94.77%
2015,400120,576,207,35.94%,46,7.99%,526,91.32%
2015,400083,413,166,40.19%,34,8.23%,408,98.79%
2015,400121,729,266,36.49%,94,12.89%,697,95.61%
2015,400084,289,132,45.67%,31,10.73%,281,97.23%
2015,400101,552,251,45.47%,50,9.06%,548,99.28%
2015,400153,519,255,49.13%,53,10.21%,514,99.04%
2015,400114,276,125,45.29%,47,17.03%,263,95.29%
2015,400085,666,96,14.41%,87,13.06%,634,95.20%
2015,400089,569,259,45.52%,38,6.68%,555,97.54%
2015,400080,638,245,38.40%,49,7.68%,593,92.95%
2015,400079,637,221,34.69%,46,7.22%,607,95.29%
2015,400149,637,133,20.88%,71,11.15%,629,98.74%
2015,610394,326,18,5.52%,85,26.07%,313,96.01%
2015,400086,477,0,0.00%,100,20.96%,386,80.92%
2015,400105,479,0,0.00%,79,16.49%,396,82.67%
2015,400102,418,1,0.24%,87,20.81%,373,89.23%
2015,610504,176,59,33.52%,57,32.39%,154,87.50%
2015,609944,347,76,21.90%,34,9.80%,240,69.16%
2015,610518,254,5,1.97%,50,19.69%,251,98.82%
2015,610363,"1,663",205,12.33%,129,7.76%,"1,079",64.88%
2015,610095,573,28,4.89%,79,13.79%,379,66.14%
2015,609680,901,4,0.44%,58,6.44%,309,34.30%
2015,609955,359,0,0.00%,58,16.16%,355,98.89%
2015,609855,365,148,40.55%,218,59.73%,339,92.88%
2015,610179,"1,019",236,23.16%,85,8.34%,826,81.06%
2015,610121,460,35,7.61%,71,15.43%,427,92.83%
2015,609740,546,56,10.26%,140,25.64%,520,95.24%
2015,610032,329,0,0.00%,46,13.98%,308,93.62%
2015,609727,614,4,0.65%,114,18.57%,595,96.91%
2015,609978,362,0,0.00%,32,8.84%,354,97.79%
2015,610100,630,178,28.25%,76,12.06%,625,99.21%
2015,610542,738,319,43.22%,66,8.94%,673,91.19%
2015,609755,"2,209",24,1.09%,155,7.02%,917,41.51%
2015,610230,428,43,10.05%,52,12.15%,87,20.33%
2015,610251,380,0,0.00%,53,13.95%,376,98.95%
2015,610101,860,103,11.98%,72,8.37%,172,20.00%
2015,610109,252,2,0.79%,23,9.13%,161,63.89%
2015,610143,246,0,0.00%,31,12.60%,242,98.37%
2015,609945,764,285,37.30%,94,12.30%,714,93.46%
2015,610364,212,5,2.36%,31,14.62%,208,98.11%
2015,609884,846,249,29.43%,105,12.41%,536,63.36%
2015,609967,470,164,34.89%,99,21.06%,467,99.36%
2015,609994,"1,166",433,37.14%,133,11.41%,"1,135",97.34%
2015,609812,247,4,1.62%,70,28.34%,244,98.79%
2015,610136,328,55,16.77%,44,13.41%,184,56.10%
2015,610142,730,94,12.88%,93,12.74%,443,60.68%
2015,610153,376,1,0.27%,90,23.94%,359,95.48%
2015,610167,817,342,41.86%,79,9.67%,816,99.88%
2015,609734,"3,233",194,6.00%,392,12.12%,"1,979",61.21%
2015,609698,952,76,7.98%,187,19.64%,886,93.07%
2015,610104,652,71,10.89%,83,12.73%,268,41.10%
2015,609678,"1,432",33,2.30%,126,8.80%,648,45.25%
2015,610193,501,43,8.58%,101,20.16%,497,99.20%
2015,609949,"1,262",323,25.59%,156,12.36%,"1,181",93.58%
2015,610097,986,494,50.10%,77,7.81%,968,98.17%
2015,610123,380,30,7.89%,105,27.63%,353,92.89%
2015,609711,349,1,0.29%,89,25.50%,344,98.57%
2015,610172,360,2,0.56%,28,7.78%,358,99.44%
2015,609844,446,0,0.00%,45,10.09%,444,99.55%
2015,610308,110,41,37.27%,100,90.91%,93,84.55%
2015,610574,150,1,0.67%,8,5.33%,145,96.67%
2015,610088,793,293,36.95%,88,11.10%,780,98.36%
2015,609977,215,0,0.00%,11,5.12%,208,96.74%
2015,610392,341,65,19.06%,45,13.20%,340,99.71%
2015,400123,195,0,0.00%,32,16.41%,194,99.49%
2015,400124,174,0,0.00%,32,18.39%,160,91.95%
2015,400125,166,35,21.08%,32,19.28%,164,98.80%
2015,400126,150,12,8.00%,23,15.33%,150,100.00%
2015,400127,180,1,0.56%,33,18.33%,168,93.33%
2015,400128,180,0,0.00%,41,22.78%,179,99.44%
2015,400129,137,0,0.00%,18,13.14%,116,84.67%
2015,400150,192,0,0.00%,34,17.71%,178,92.71%
2015,400130,250,0,0.00%,47,18.80%,247,98.80%
2015,400131,170,10,5.88%,40,23.53%,165,97.06%
2015,400133,323,1,0.31%,57,17.65%,307,95.05%
2015,400134,207,18,8.70%,30,14.49%,188,90.82%
2015,400135,213,35,16.43%,32,15.02%,209,98.12%
2015,400136,190,2,1.05%,26,13.68%,172,90.53%
2015,400139,342,0,0.00%,62,18.13%,341,99.71%
2015,400141,213,11,5.16%,24,11.27%,198,92.96%
2015,400142,139,3,2.16%,24,17.27%,128,92.09%
2015,400143,160,10,6.25%,27,16.88%,154,96.25%
2015,400144,172,2,1.16%,46,26.74%,171,99.42%
2015,400145,250,0,0.00%,51,20.40%,242,96.80%
2015,400087,336,2,0.60%,70,20.83%,293,87.20%